dunbi,student_id
1005,132952
1005,173558
1005,156076
1005,144542
1005,100546
1005,130517
1005,9900
1005,173460
1005,114823
1006,160613
1006,172571
1006,105154
1006,129678
1006,124446
1006,147417
1006,153535
1006,14893
1006,98629
1006,176625
1006,122923
1006,148514
1007,162511
1007,150867
1007,142897
1007,168699
1007,160043
1007,138967
1007,144726
1007,122476
1007,138498
1007,121086
1007,114559
1007,155832
1007,147807
1007,141484
1007,145587
1007,123056
1007,134396
1007,122123
1007,171874
1007,103623
1007,113478
1007,162808
1007,172959
1008,127898
1008,62681
1008,94551
1008,131011
1008,4123
1008,167076
1008,143259
1008,148960
1008,124344
1008,184350
1008,102308
1008,102917
1009,123645
1009,174198
1009,148948
1009,106151
1009,132139
1009,162334
1009,152190
1009,129082
1009,121910
1009,132508
1009,132081
1009,116912
1009,105597
1010,133199
1010,13992
1010,10052
1010,159037
1010,155120
1010,117263
1010,151429
1010,154860
1010,160148
1010,148906
1010,152527
1010,109876
1011,184052
1011,177216
1011,158546
1011,168375
1011,99852
1011,125666
1011,162039
1011,186596
1011,127128
1011,48790
1011,143159
1011,181071
1011,182035
1011,51557
1011,127173
1011,121032
1011,106363
1012,18612
1012,154247
1012,121590
1012,167666
1012,138973
1012,124162
1012,169226
1012,136078
1012,163310
1012,142953
1012,135118
1012,128480
1012,178771
1012,137514
1012,120988
1012,149731
1012,60464
1012,138942
1012,156395
1012,126339
1013,149397
1013,11959
1013,160024
1013,132642
1013,149466
1013,170029
1013,156851
1013,103928
1013,149719
1013,124624
1013,163670
1013,131409
1013,157444
1013,58051
1013,154363
1013,157922
1013,130179
1013,150290
1013,22207
1013,109926
1013,158018
1014,127462
1014,156834
1014,149256
1014,136094
1014,114777
1014,143273
1014,132471
1014,109480
1014,147616
1014,114541
1014,131027
1014,157113
1015,164708
1015,150467
1015,16453
1015,177235
1015,108830
1015,126107
1015,141995
1015,16994
1015,131918
1015,103286
1015,185071
1015,124478
1015,127026
1015,158124
1015,109045
1016,143953
1016,126551
1016,13795
1016,137524
1016,181676
1016,159842
1016,158636
1016,104256
1016,126025
1016,164157
1016,146569
1016,123460
1016,166739
1016,135830
1016,152748
1017,4876
1017,156918
1017,60307
1017,35920
1017,162858
1017,12118
1017,124169
1017,6965
1017,184491
1017,10630
1017,115445
1017,159753
1017,24013
1018,154365
1018,17389
1018,169568
1018,50714
1018,98792
1018,163595
1018,129878
1018,168333
1018,121371
1018,13799
1018,20547
1018,14612
1018,182009
1019,163123
1019,12470
1019,113851
1019,173659
1019,176084
1019,138187
1019,23828
1019,183413
1020,154085
1020,152693
1020,169570
1020,172004
1020,126872
1020,101540
1020,145448
1020,184413
1020,161409
1020,160465
1020,168488
1021,151826
1021,115842
1021,158867
1021,160165
1021,129499
1021,22469
1021,123812
1021,131490
1021,111197
1021,156152
1021,142570
1021,144981
1021,130188
1021,13662
1021,143254
1021,4061
1021,124773
1021,181485
1021,2934
1022,126813
1022,147632
1022,125367
1022,159545
1022,176928
1022,109575
1022,111294
1022,110659
1022,119236
1022,115427
1022,121119
1022,155402
1022,182088
1023,149635
1023,7482
1023,119861
1023,158958
1023,135142
1023,41073
1023,162883
1023,113973
1023,171632
1023,185465
1023,154911
1023,173925
1023,106258
1024,147704
1024,128377
1024,154678
1024,131174
1024,113450
1024,33464
1024,183747
1024,105848
1024,161925
1024,150751
1024,158027
1024,21014
1024,104991
1024,176369
1025,181726
1025,154878
1025,132086
1025,122131
1025,129480
1025,170270
1025,23226
1025,158538
1025,143511
1025,175986
1025,146534
1025,11348
1025,134118
1025,124066
1025,103518
1025,105754
1025,142801
1025,164189
1025,6926
1026,7359
1026,134272
1026,134320
1026,173546
1026,128901
1026,172901
1026,173810
1026,171795
1026,154929
1026,132496
1026,153285
1026,146747
1026,138532
1027,13776
1027,126463
1027,148323
1027,9726
1027,169349
1027,110251
1027,152201
1027,123702
1027,131293
1027,153176
1028,128035
1028,119187
1028,157213
1028,155268
1028,149235
1028,167861
1028,165977
1028,150146
1028,143793
1028,153428
1029,173518
1029,146103
1029,166463
1029,176732
1029,119112
1029,114009
1029,183175
1029,148226
1029,156934
1029,146121
1029,168837
1029,121085
1029,114875
1029,175555
1029,165117
1029,122575
1029,145430
1029,157186
1029,23078
1030,136173
1030,117657
1030,10420
1030,5351
1030,181768
1030,89390
1030,157350
1030,160028
1030,146052
1030,116106
1030,133647
1030,153118
1030,15396
1030,143790
1031,150697
1031,176796
1031,14825
1031,163453
1031,147780
1031,128283
1031,109348
1031,172528
1031,133501
1031,151608
1031,163948
1031,6532
1031,169509
1032,102826
1032,122917
1032,128135
1032,123064
1032,166499
1032,167957
1032,154635
1032,5329
1033,166991
1033,150499
1033,156983
1033,103462
1033,120994
1033,156933
1033,114476
1033,148298
1033,115376
1033,111230
1033,157527
1033,145344
1033,166987
1033,114676
1033,131047
1033,168996
1034,37482
1034,184035
1034,124392
1034,131863
1034,129427
1034,136664
1034,24433
1034,109839
1034,121539
1034,168437
1034,146913
1034,153500
1034,153143
1034,160723
1035,173499
1035,150027
1035,155153
1035,158667
1035,121605
1035,132759
1035,111993
1035,126487
1035,2970
1036,145338
1036,182014
1036,158579
1036,103338
1036,126178
1036,164259
1036,153436
1036,183516
1036,18090
1036,78914
1036,143807
1036,102406
1036,150796
1037,182089
1037,163178
1037,158549
1037,186135
1037,125297
1037,113591
1037,156697
1037,194478
1037,184316
1037,10141
1037,182836
1037,134057
1037,148757
1037,149658
1038,128951
1038,77735
1038,184093
1038,14556
1038,148880
1038,7728
1038,146225
1038,169947
1038,151245
1039,127350
1039,99368
1039,15368
1039,119725
1039,156737
1039,151416
1039,123538
1039,136916
1039,173045
1039,174039
1039,142040
1039,130658
1039,115134
1039,157138
1039,122163
1039,92548
1040,143910
1040,106125
1040,170829
1040,126096
1040,162175
1040,145059
1040,24359
1040,156981
1040,152747
1040,21969
1040,168298
1040,167406
1040,114872
1041,168518
1041,149468
1041,186003
1041,153893
1041,104652
1041,180887
1041,20253
1041,161134
1041,105132
1041,173943
1041,59056
1042,109834
1042,147879
1042,17425
1042,18539
1042,18909
1042,162397
1042,100229
1042,139567
1042,148814
1042,23018
1042,122777
1042,134109
1042,89032
1043,176307
1043,13886
1043,39435
1043,175761
1043,164822
1043,147775
1043,149739
1043,162731
1043,128843
1043,172541
1043,152570
1043,124152
1043,22187
1043,134110
1043,163845
1043,111139
1044,67189
1044,153753
1044,144807
1044,193551
1044,109469
1044,5337
1044,150658
1045,117637
1045,132088
1045,157162
1045,177293
1045,153495
1045,124698
1045,164970
1045,141618
1045,124153
1045,10390
1045,169460
1045,122116
1045,170208
1045,122094
1045,172372
1045,166117
1046,142022
1046,156810
1046,150015
1046,158577
1046,163210
1046,14043
1046,109313
1046,128238
1046,146152
1046,156695
1046,128912
1046,135024
1046,183864
1046,36177
1046,149188
1046,160172
1046,153846
1046,140858
1047,103428
1047,181766
1047,110700
1047,172032
1047,125374
1047,151215
1047,24191
1047,159735
1047,126608
1047,126073
1047,163757
1047,176443
1047,148676
1047,126467
1047,24892
1048,151327
1048,138794
1048,123050
1048,147476
1048,158530
1048,166629
1048,105909
1048,129434
1048,172854
1048,84827
1048,149359
1048,163636
1048,124148
1048,137058
1049,113869
1049,156075
1049,148134
1049,175572
1049,22142
1049,146876
1049,158599
1049,150772
1049,161483
1049,112594
1049,181507
1049,102092
1049,135478
1050,170007
1050,22292
1050,170158
1050,163776
1050,168558
1050,58628
1050,149679
1050,130495
1050,14863
1050,172073
1050,156157
1050,128533
1051,152051
1051,170091
1051,110206
1051,164159
1051,4050
1051,151430
1051,136756
1051,135898
1051,127784
1051,109331
1051,174298
1051,160236
1051,143476
1051,185526
1051,169334
1052,154312
1052,107315
1052,169053
1052,111031
1052,162344
1052,15452
1052,132988
1052,185991
1052,16917
1052,11051
1052,163715
1053,171554
1053,131646
1053,169024
1053,56036
1053,11370
1053,153071
1053,133518
1053,102757
1054,182343
1054,148567
1054,153954
1054,128069
1054,142129
1054,163048
1054,153438
1054,102551
1054,171384
1054,114163
1055,161759
1055,168490
1055,176889
1055,99066
1055,105414
1055,108595
1055,152894
1055,132902
1056,145110
1056,154347
1056,180620
1056,107220
1056,138966
1056,149515
1057,125073
1057,137031
1057,153405
1057,110243
1057,162827
1057,159121
1057,158712
1057,162692
1057,169100
1057,181908
1057,169973
1057,23853
1057,10071
1058,129990
1058,126363
1058,159827
1058,94433
1058,109525
1058,150115
1058,11187
1058,170552
1058,173131
1058,117654
1058,125445
1058,163349
1058,158273
1058,188995
1058,93577
1058,150933
1058,23356
1058,104656
1058,9011
1059,184092
1059,176818
1059,134294
1059,123959
1059,121349
1059,134489
1059,160535
1059,138957
1059,152826
1059,149914
1059,158745
1059,111981
1059,16026
1059,174944
1059,160619
1060,134410
1060,160831
1060,171571
1060,32493
1060,89065
1060,108594
1060,71137
1060,162914
1061,144087
1061,126151
1061,149589
1061,158511
1061,105894
1061,147168
1061,126642
1061,18997
1061,166461
1062,21549
1062,156297
1062,136155
1062,156604
1062,11027
1062,14206
1062,158744
1062,61832
1062,145315
1062,167298
1062,104496
1062,146137
1062,122966
1062,154292
1063,24135
1063,89472
1063,138927
1063,148230
1063,109019
1063,12654
1063,173655
1063,137876
1063,160190
1063,132628
1063,167489
1064,154805
1064,126651
1064,104009
1064,19113
1064,24429
1064,170149
1064,103416
1064,168284
1064,39401
1065,132214
1065,117394
1065,137207
1065,148001
1065,13998
1065,164076
1065,55932
1065,136987
1066,166617
1066,126072
1066,166742
1066,141788
1066,162294
1066,163539
1066,188550
1066,120992
1066,24445
1066,124594
1066,4127
1067,108047
1067,33470
1067,94430
1067,127645
1067,134639
1067,152594
1067,9014
1067,125975
1068,15576
1068,129256
1068,165037
1068,39029
1068,138348
1068,126197
1068,158392
1068,156537
1068,158690
1069,182441
1069,166136
1069,8091
1069,13462
1069,124098
1069,176462
1069,109122
1070,138958
1070,167643
1070,18549
1070,125655
1070,186922
1070,114352
1070,156891
1070,38960
1070,107483
1070,154383
1070,132681
1071,142956
1071,154600
1071,137328
1071,160293
1071,23262
1071,163752
1071,160566
1071,32049
1071,129730
1071,22459
1071,171353
1071,4385
1071,163050
1072,186578
1072,177491
1072,158529
1072,152729
1072,117289
1072,108703
1072,136848
1072,125058
1072,121806
1072,19435
1072,145647
1073,125227
1073,140386
1073,145053
1073,164047
1073,161096
1073,142434
1073,14728
1073,178725
1073,131472
1073,139026
1074,152666
1074,169026
1074,153773
1074,167304
1074,160282
1074,163053
1074,144069
1074,165905
1074,177149
1074,127519
1074,58080
1074,171276
1074,171544
1074,151592
1074,11035
1074,110584
1074,150863
1074,26504
1074,138756
1074,106042
1074,112417
1075,10413
1075,102846
1075,183928
1075,124157
1075,2985
1075,188021
1075,10247
1075,108493
1075,171395
1075,14646
1075,2932
1075,163271
1076,151247
1076,140375
1076,169870
1076,166267
1076,159912
1076,13914
1076,108989
1076,144810
1076,158408
1076,122843
1076,107715
1076,103561
1076,107667
1076,147153
1076,153432
1076,78363
1077,148328
1077,108195
1077,117853
1077,10980
1077,160791
1078,102333
1078,129651
1078,158125
1078,156777
1078,185332
1078,14112
1078,153184
1078,116248
1078,101475
1078,157583
1078,163007
1078,48975
1079,168015
1079,163104
1079,137114
1079,170484
1079,139506
1079,22170
1079,143770
1080,183340
1080,100607
1080,94408
1080,13762
1080,125514
1080,163579
1080,154798
1080,160170
1081,11115
1081,122234
1081,169592
1081,164987
1081,169369
1081,121436
1081,169045
1081,163568
1081,126387
1081,105486
1081,156937
1081,125915
1081,23792
1081,122797
1081,165425
1082,146737
1082,124772
1082,132136
1082,169780
1082,149653
1082,9747
1082,166726
1082,124565
1082,111941
1082,124322
1082,112898
1082,144044
1082,141468
1082,146150
1082,136133
1082,162318
1083,169338
1083,177278
1083,154179
1083,156165
1083,37480
1083,145924
1083,24906
1083,164717
1083,121004
1083,9568
1083,154665
1084,157823
1084,160430
1084,17296
1084,129704
1084,170616
1084,112029
1084,125201
1084,10662
1085,171531
1085,148224
1085,13863
1085,154935
1085,155231
1085,23350
1085,153968
1086,182107
1086,12588
1086,160287
1086,137491
1086,156593
1086,125611
1086,128604
1086,160797
1086,158338
1086,124400
1086,16013
1087,171730
1087,14124
1087,118400
1087,169648
1087,168923
1087,108486
1088,129762
1088,11126
1088,166511
1088,158675
1088,127120
1088,148059
1088,171137
1088,117014
1088,140796
1088,180854
1089,152915
1089,111016
1089,177258
1089,148336
1089,108812
1089,103250
1089,173406
1089,168545
1089,159650
1089,160053
1090,150468
1090,39415
1090,11208
1090,105547
1090,162398
1090,158363
1090,130579
1090,121139
1090,14029
1090,143572
1091,184533
1091,183519
1091,137947
1091,133252
1091,177795
1091,6359
1091,177332
1091,129935
1091,151139
1091,23394
1091,149993
1091,154666
1092,90097
1092,129266
1092,167727
1092,122705
1092,152814
1092,152548
1092,7420
1092,24158
1092,147975
1092,182670
1092,8149
1092,7919
1092,129629
1093,125334
1093,160279
1093,139454
1093,74597
1093,156767
1093,22149
1093,143734
1093,20320
1093,23316
1093,128759
1093,128553
1094,133570
1094,162265
1094,153528
1094,155377
1094,19106
1094,152746
1094,171542
1094,102888
1094,166668
1094,168125
1094,174566
1094,108733
1094,166057
1094,124214
1094,176103
1095,163057
1095,176256
1095,169549
1095,184749
1095,176828
1095,171007
1095,160096
1095,111688
1095,149113
1095,125372
1095,21236
1095,175359
1095,94447
1095,160186
1095,26482
1095,22373
1095,94608
1095,164158
1095,8112
1095,154318
1095,168794
1095,151089
1096,170366
1096,130510
1096,152645
1096,58034
1096,120415
1096,155991
1096,55949
1096,170673
1096,137236
1096,148992
1096,128913
1097,162257
1097,143888
1097,101985
1097,173355
1097,148019
1097,164049
1097,176665
1097,157359
1097,159773
1097,158856
1098,160633
1098,161796
1098,169899
1098,177721
1098,123453
1098,52535
1098,148576
1098,153498
1098,124074
1098,181607
1099,157492
1099,143863
1099,18940
1099,147896
1099,110515
1099,143631
1099,146770
1099,13609
1099,132470
1099,150675
1099,161170
1099,100566
1099,164522
1099,146131
1099,136278
1099,123646
1099,14475
1099,114904
1099,132869
1100,142004
1100,182081
1100,10411
1100,126216
1100,135094
1100,113593
1101,7027
1101,124472
1101,129814
1101,17356
1101,158574
1101,150473
1101,143417
1102,126472
1102,182551
1102,7552
1102,194157
1102,156383
1102,169515
1102,160432
1102,10788
1102,130138
1102,130387
1102,101910
1103,114738
1103,160003
1103,157654
1103,145847
1103,8656
1103,148896
1103,138955
1103,23447
1103,171311
1103,155528
1103,16755
1103,164804
1103,172514
1104,102237
1104,170066
1104,163200
1104,128115
1104,182679
1104,113820
1104,112112
1104,107327
1104,146850
1104,105239
1104,153979
1104,113610
1104,154907
1104,121338
1105,131970
1105,125584
1105,147652
1105,169932
1105,113588
1105,160475
1105,139812
1105,105896
1105,144071
1105,149518
1105,166808
1105,102260
1106,163886
1106,107258
1106,171072
1106,157854
1106,175553
1106,22289
1106,169691
1107,126230
1107,134430
1107,109579
1107,58375
1107,14653
1107,159651
1107,102519
1107,158727
1107,182555
1107,156308
1108,185186
1108,149511
1108,134204
1108,134841
1108,142120
1108,124378
1108,19196
1109,102292
1109,164192
1109,106052
1109,152653
1109,147265
1109,135801
1109,181911
1109,171129
1109,172749
1110,150016
1110,14723
1110,41010
1110,169314
1110,152852
1110,173905
1110,128493
1110,132825
1110,175617
1111,148575
1111,27039
1111,7690
1111,126252
1111,180785
1111,142107
1111,146519
1112,130447
1112,168237
1112,10803
1112,106933
1112,123691
1112,145546
1112,112464
1112,158031
1112,156724
1112,133486
1112,152812
1112,137390
1112,148209
1112,186396
1113,148133
1113,163990
1113,98692
1113,121674
1113,176458
1113,163005
1114,173580
1114,156779
1114,130449
1114,168613
1114,8984
1114,170528
1114,10244
1114,148470
1114,132482
1114,156335
1114,162741
1114,189973
1115,114952
1115,103280
1115,163510
1115,18436
1115,180267
1115,167694
1115,151955
1115,23183
1115,128374
1115,132696
1116,176773
1116,132141
1116,154854
1116,13977
1116,172187
1116,158811
1116,9770
1116,33517
1116,126030
1116,154255
1116,147447
1116,159646
1117,162249
1117,177788
1117,147416
1117,159756
1117,154917
1117,109119
1117,114686
1117,20776
1117,153830
1117,9837
1118,141759
1118,158096
1118,122566
1118,175547
1118,126538
1118,102898
1118,110552
1119,92565
1119,170832
1119,140591
1119,130973
1119,157015
1119,154910
1119,25118
1119,128892
1119,148084
1119,129222
1119,7800
1120,162954
1120,141849
1120,5232
1120,181432
1120,180157
1120,24761
1120,131608
1120,10849
1120,133475
1120,154544
1120,150807
1120,7891
1121,157997
1121,108579
1121,23670
1121,151271
1121,17348
1121,135721
1121,132135
1122,139868
1122,52067
1123,7332
1123,132934
1123,124073
1123,185297
1123,141209
1123,51232
1123,170781
1123,123109
1123,146993
1123,151726
1123,156177
1123,108031
1123,137727
1124,139611
1124,177025
1124,148694
1124,125498
1124,158765
1124,145875
1125,153886
1125,163292
1125,156607
1125,145534
1125,16786
1125,15397
1125,67191
1126,13774
1126,169166
1126,172917
1126,121094
1126,81781
1126,151688
1126,129681
1126,173957
1127,111135
1127,159939
1127,164090
1127,150854
1127,123995
1127,22666
1127,103693
1127,122727
1128,129248
1128,140371
1128,14048
1128,144001
1128,148135
1128,124004
1128,134131
1128,104501
1128,144378
1128,16750
1128,3166
1128,122239
1129,145846
1129,131881
1129,153527
1129,156726
1129,19016
1129,122942
1129,107169
1130,185579
1130,124749
1130,168965
1130,23458
1130,145018
1130,182336
1130,167020
1130,182337
1130,127018
1131,22570
1131,142954
1131,84297
1131,183195
1131,98487
1131,155274
1131,164214
1131,155766
1131,103630
1131,22715
1132,176238
1132,164971
1132,110949
1132,139575
1132,163814
1132,173300
1132,169591
1132,166992
1132,103961
1133,123438
1133,132406
1133,129680
1133,151273
1133,98729
1133,157010
1133,137510
1133,115328
1133,14313
1134,125109
1134,147618
1134,124644
1134,116973
1134,130155
1134,98586
1135,165912
1135,166418
1135,7076
1135,120351
1135,38984
1135,35642
1135,7676
1135,166139
1136,185829
1136,123394
1136,133563
1136,135789
1136,124850
1136,16910
1136,162630
1137,153373
1137,133810
1137,101036
1137,164169
1137,166278
1137,111482
1137,155687
1138,8652
1138,156014
1138,119943
1138,148160
1138,171457
1138,152754
1138,110087
1138,163051
1138,109778
1138,103651
1138,139601
1139,157071
1139,122841
1139,102717
1139,168862
1139,124708
1139,103525
1140,172020
1140,148126
1140,182537
1140,35641
1140,101912
1140,140006
1140,128207
1140,24511
1140,14590
1140,102950
1140,156794
1141,156873
1141,162518
1141,170565
1141,106093
1141,141201
1141,162815
1141,174613
1141,156524
1142,162015
1142,146059
1142,11949
1142,149516
1142,185857
1142,173495
1142,106407
1142,13669
1142,10679
1143,155229
1143,182253
1143,156938
1143,106230
1143,118722
1143,126136
1143,132543
1143,158748
1143,134627
1143,148360
1143,20607
1143,110551
1143,111045
1143,163686
1144,158006
1144,121231
1144,180034
1144,153821
1144,146711
1144,154305
1144,7594
1144,136148
1145,145827
1145,146198
1145,159960
1145,129872
1145,126947
1145,170316
1145,145036
1145,19713
1145,125059
1145,133380
1146,126106
1146,105498
1146,108188
1146,154010
1146,178784
1146,142990
1146,125143
1147,146816
1147,15566
1147,114914
1147,159125
1147,55488
1147,41117
1147,113549
1147,152824
1147,108974
1147,176236
1147,138549
1148,146575
1148,172627
1148,128225
1148,14169
1148,166613
1148,99334
1148,129071
1148,152436
1148,152664
1148,18595
1148,149725
1148,132635
1148,104288
1148,157877
1148,170354
1148,9632
1149,124579
1149,102947
1149,121775
1149,125644
1149,136914
1149,153992
1149,114452
1149,152727
1149,156666
1149,127394
1149,22022
1149,151748
1149,102871
1149,128897
1150,125150
1150,143411
1150,128470
1150,164270
1150,125797
1150,149621
1150,148857
1151,152667
1151,15825
1151,171227
1151,7044
1151,168876
1151,128886
1151,170362
1151,145442
1152,157537
1152,71817
1152,173661
1152,141038
1152,167763
1152,179529
1152,5536
1152,167713
1152,178799
1152,108871
1152,11714
1152,152431
1153,100462
1153,19698
1153,148932
1153,24772
1154,159885
1154,132216
1154,146859
1154,126580
1154,12727
1154,173851
1154,139152
1154,114879
1155,140096
1155,124717
1155,152181
1155,145923
1155,82521
1155,124926
1156,17287
1156,156118
1156,132307
1156,182226
1156,180130
1156,121633
1156,108538
1156,2929
1156,102633
1156,119477
1156,13698
1156,153642
1156,169658
1156,9436
1156,139212
1157,123958
1157,124553
1157,149517
1157,119498
1157,152050
1157,17973
1157,19386
1157,163946
1157,124654
1157,123068
1158,170046
1158,129663
1158,6706
1158,156765
1158,164471
1158,126994
1158,52997
1159,137512
1159,165637
1159,172007
1159,143962
1159,108915
1159,158848
1160,98538
1160,167797
1160,131550
1160,132170
1160,111393
1160,20749
1160,179016
1160,22482
1160,109676
1160,122270
1160,20337
1161,165893
1161,126888
1161,180009
1161,124707
1161,153081
1161,144578
1162,7694
1162,136009
1162,89217
1162,152975
1162,58052
1162,143797
1162,171446
1162,158686
1162,6838
1162,33339
1162,174947
1162,8146
1162,164011
1162,119783
1163,143290
1163,99671
1163,115162
1163,134770
1163,122258
1163,127305
1163,162935
1164,142341
1164,22150
1164,141614
1164,167886
1164,158778
1165,165846
1165,166894
1165,17838
1165,177116
1166,9563
1166,10838
1166,129632
1166,154156
1166,123152
1166,128636
1166,147189
1166,8177
1166,180723
1166,6314
1166,127293
1166,101787
1167,183565
1167,147646
1167,103178
1167,156556
1167,146348
1167,94439
1167,6429
1167,126415
1167,157932
1168,148066
1168,128899
1168,126109
1168,131392
1168,130109
1168,152506
1168,157124
1168,139025
1168,138648
1169,132171
1169,128349
1169,124160
1169,175205
1169,133774
1169,147438
1170,125113
1170,102050
1170,126539
1170,17455
1170,131671
1170,182966
1170,137585
1170,80619
1170,14906
1171,136929
1171,123400
1171,124076
1171,7114
1171,158253
1171,150505
1171,133077
1171,129260
1172,158724
1172,136408
1172,103923
1172,147310
1172,176989
1172,128711
1172,101992
1172,150691
1172,123523
1172,149919
1172,13688
1172,154059
1173,184369
1173,5969
1173,109882
1173,153745
1173,172788
1173,152274
1174,147828
1174,152246
1174,156664
1174,120707
1174,117297
1174,132115
1174,64771
1174,147930
1174,18452
1175,92701
1175,101714
1175,109528
1175,140989
1175,126417
1176,166607
1176,138635
1176,38818
1176,121980
1176,59068
1176,123017
1176,141205
1176,148914
1176,150472
1177,133357
1177,146714
1177,130715
1177,100718
1177,133571
1178,126313
1178,107948
1178,163960
1178,10145
1178,180061
1178,154134
1178,148375
1178,148054
1178,142037
1179,125665
1179,148357
1179,124448
1179,50694
1179,125601
1179,173072
1179,132129
1179,172963
1179,173080
1179,173500
1180,171974
1180,105089
1180,129348
1180,152346
1180,100530
1180,104895
1180,104506
1180,10432
1180,77437
1180,12035
1180,183597
1180,26351
1181,159475
1181,125388
1181,114996
1181,22988
1181,67681
1181,178054
1181,153167
1181,142818
1181,22172
1182,13695
1182,128068
1182,166747
1182,187727
1182,124555
1182,125734
1182,105619
1182,150513
1183,152876
1183,174125
1183,156204
1183,173682
1183,132301
1183,169068
1183,125195
1183,189832
1183,159982
1183,131064
1183,128169
1183,127484
1183,126150
1184,164037
1184,172343
1184,139251
1184,126129
1184,184600
1184,10256
1184,171142
1184,150228
1184,104040
1184,158759
1185,34419
1185,157174
1185,129553
1185,120233
1185,114290
1185,158761
1185,144936
1185,33349
1185,148228
1185,37182
1185,181070
1185,123147
1185,123023
1185,16324
1185,162491
1185,16312
1185,164434
1186,146854
1186,99949
1186,122808
1186,182658
1186,158610
1186,2290
1186,174013
1186,127288
1186,160735
1186,177742
1187,159696
1187,105679
1187,167107
1187,167035
1187,91978
1187,125250
1187,159234
1187,98947
1187,162157
1187,9637
1187,158171
1187,16046
1188,115494
1188,145334
1188,153169
1188,163664
1188,168942
1188,21315
1188,173095
1188,134436
1188,154848
1189,64542
1189,172683
1189,115112
1189,122839
1189,141855
1189,123222
1189,110534
1189,181019
1189,148015
1190,132894
1190,147962
1190,167251
1190,119942
1190,147835
1190,104961
1190,156825
1190,132874
1191,117551
1191,135459
1191,101946
1191,152437
1191,179275
1192,77174
1192,126395
1192,159909
1193,156161
1193,21669
1193,140083
1193,142716
1193,110360
1193,152775
1193,178114
1193,14136
1193,167596
1193,127101
1194,167857
1194,170280
1194,23379
1195,117565
1195,158932
1195,101628
1195,162193
1195,144325
1195,107342
1196,152262
1196,140352
1196,159900
1196,173171
1196,144349
1196,158551
1196,169730
1196,126436
1196,129035
1197,147859
1197,136153
1197,171425
1197,159103
1197,22554
1197,17687
1197,133830
1197,185392
1197,106739
1197,156672
1197,173172
1197,164680
1197,143485
1198,160565
1198,140324
1198,152357
1198,147291
1198,139652
1198,156973
1198,146870
1198,159310
1198,132887
1199,114993
1199,159357
1199,162837
1199,173802
1199,169471
1199,124158
1199,108816
1199,150440
1199,141276
1199,109986
1200,14637
1200,169642
1200,136930
1200,119142
1200,123569
1200,129622
1200,5237
1200,155842
1200,18349
1201,153489
1201,114770
1201,154611
1201,168696
1201,114615
1201,168293
1201,157089
1201,170090
1201,156069
1201,170599
1201,128287
1201,37262
1201,174937
1202,167752
1202,145739
1202,147249
1202,171059
1203,135616
1203,148592
1203,173364
1203,172896
1203,132532
1203,7609
1203,159896
1203,150469
1204,12775
1204,157006
1204,173415
1204,9867
1204,24981
1204,122747
1205,140110
1205,167131
1205,158977
1205,136528
1205,6266
1205,152136
1205,142190
1205,72395
1205,129860
1205,151938
1206,160104
1206,128116
1206,163738
1206,135651
1206,130149
1206,182630
1206,22125
1206,19111
1206,128510
1207,87228
1207,181922
1207,168475
1207,164272
1207,167194
1207,125386
1207,127751
1207,169867
1208,180639
1208,187034
1208,149673
1208,126425
1208,58602
1208,144858
1208,143258
1208,170607
1208,160209
1208,148848
1209,77528
1209,135267
1209,156178
1209,144949
1209,153147
1209,126710
1209,128891
1209,156025
1209,160414
1209,143577
1210,16532
1210,130539
1210,133949
1210,19548
1210,145968
1210,136709
1210,37352
1210,162301
1210,98477
1211,164659
1211,33334
1211,7227
1211,155921
1211,15027
1211,114417
1212,93262
1212,169298
1212,32480
1212,170492
1212,169573
1212,161327
1212,134668
1212,136532
1212,23331
1212,164452
1213,163673
1213,14605
1213,9393
1213,147619
1213,113619
1213,118592
1214,149073
1214,138443
1214,4170
1214,168522
1214,121778
1215,128957
1215,134431
1215,105828
1215,159178
1215,151216
1215,117572
1216,122511
1216,100567
1216,6724
1216,155205
1216,168342
1216,164707
1216,106964
1217,147534
1217,136774
1217,127045
1217,105208
1217,148687
1217,121772
1217,121250
1217,117876
1218,26316
1218,171485
1218,121853
1218,120751
1218,156651
1219,138331
1219,146889
1219,126716
1219,17364
1219,153832
1220,160106
1220,171264
1220,33344
1220,151402
1220,154431
1220,174498
1220,135855
1220,123402
1220,145504
1220,23396
1221,108604
1222,130242
1222,102267
1222,145001
1222,117338
1222,169604
1222,103465
1222,141151
1223,110223
1223,159643
1223,150838
1223,105356
1223,35890
1223,129215
1223,109208
1223,135633
1223,174596
1223,22067
1223,164230
1224,122919
1224,132137
1224,140168
1224,124427
1224,162333
1224,130122
1224,7473
1225,33276
1225,148204
1225,122807
1225,155099
1225,143813
1225,122713
1225,132893
1226,153795
1226,153741
1226,143765
1226,124256
1226,147973
1226,136858
1226,145165
1226,147199
1226,159455
1227,165866
1227,125452
1227,110104
1227,147851
1227,102875
1227,163725
1227,138143
1228,156493
1228,158976
1228,19807
1228,158793
1228,164035
1228,172808
1229,55257
1229,139012
1229,2277
1229,105740
1230,81327
1230,132491
1230,163778
1230,162826
1230,152676
1230,124324
1230,132818
1230,147819
1231,154591
1231,164619
1231,128148
1231,161221
1231,154885
1231,139643
1231,122471
1231,123809
1232,177358
1232,110479
1232,144612
1232,12113
1232,125148
1232,108807
1232,143552
1233,148527
1233,67310
1233,138359
1233,175504
1233,142559
1234,176241
1234,130331
1234,182352
1234,127808
1234,10648
1234,182469
1234,164393
1234,131485
1234,103469
1235,10957
1235,168524
1235,126448
1235,158998
1235,156261
1235,156939
1235,123279
1236,66353
1236,132411
1236,175496
1236,134974
1236,121576
1236,24067
1237,145156
1237,128488
1237,190959
1237,152799
1237,137009
1237,7938
1237,167712
1237,141585
1237,132695
1237,137519
1237,123095
1237,98961
1237,131474
1237,129848
1238,128414
1238,147849
1238,122110
1238,169289
1238,154886
1238,132075
1238,178180
1238,136924
1239,163125
1239,149944
1239,126708
1239,151012
1240,39012
1240,148421
1240,144318
1240,173974
1240,134049
1240,124705
1240,185601
1241,120873
1241,121676
1241,141311
1241,10313
1241,128845
1241,108233
1241,148905
1242,148849
1242,185953
1242,122027
1242,111121
1242,89058
1242,9946
1243,177061
1243,153280
1243,156085
1243,111040
1243,141214
1243,153901
1244,127991
1244,171440
1244,158130
1244,170207
1244,131007
1245,122837
1245,131897
1245,33556
1245,123058
1245,128898
1245,24449
1245,147738
1246,116984
1247,132967
1247,172282
1247,120528
1247,123622
1247,16752
1247,122509
1247,142253
1247,179158
1247,120240
1247,9592
1247,155333
1248,156036
1248,151113
1248,126215
1248,19273
1248,152691
1248,149777
1248,180112
1248,177269
1248,153733
1249,103111
1249,121799
1249,152372
1249,112117
1249,94974
1249,169125
1249,24443
1250,185126
1250,165584
1250,164027
1250,121752
1250,100248
1250,140710
1250,132397
1251,169910
1251,163471
1251,148808
1251,122508
1252,14396
1252,106614
1252,149712
1252,169044
1252,6339
1252,173105
1252,160925
1253,58062
1253,146367
1253,156127
1253,108234
1253,10440
1254,163069
1254,132810
1254,22630
1254,122796
1254,159880
1254,123928
1254,153728
1254,149753
1254,125963
1254,169178
1255,152987
1255,42176
1255,108563
1255,160424
1255,137906
1256,160819
1256,152433
1256,19805
1257,181333
1257,171348
1257,156817
1257,104176
1257,16336
1257,110879
1257,14849
1258,134056
1258,24597
1259,124248
1259,150592
1259,156987
1259,128230
1259,128888
1259,161087
1260,183605
1260,167019
1260,148225
1260,182777
1260,12734
1260,157589
1260,153103
1260,114052
1261,103157
1261,145972
1261,145197
1261,102464
1261,119946
1261,138954
1261,122035
1261,35632
1261,122159
1262,124033
1262,16888
1262,159932
1262,104623
1262,140578
1262,160291
1262,152716
1263,7196
1263,21738
1263,159253
1264,33485
1264,4150
1264,159910
1264,147647
1264,126175
1264,165670
1264,179199
1264,124414
1264,172484
1264,151221
1264,172227
1264,23646
1264,112571
1264,156691
1265,188431
1265,151866
1265,35779
1265,109443
1265,137729
1265,10921
1265,184234
1265,126433
1265,119692
1265,157087
1265,26988
1265,156111
1265,146758
1265,163702
1265,182762
1265,87013
1266,20657
1266,118586
1266,149109
1266,170209
1266,161124
1266,19369
1266,154739
1266,20803
1267,160391
1267,139470
1267,102574
1267,24380
1267,7523
1267,109089
1267,107430
1268,178206
1268,101501
1268,157958
1268,149651
1268,123210
1268,40641
1268,160193
1268,22225
1269,21000
1269,172699
1269,71529
1269,183178
1269,76577
1269,105928
1269,157989
1269,129995
1269,154675
1269,118444
1269,58022
1270,100141
1270,161528
1270,145477
1270,157894
1270,152698
1270,158694
1270,169764
1271,8675
1271,179895
1271,16511
1271,107939
1271,129416
1271,177572
1271,158548
1271,159411
1271,156670
1271,135974
1271,129614
1272,129317
1272,16402
1272,104456
1272,120622
1272,129241
1273,81638
1273,103460
1273,10201
1273,123048
1274,23424
1274,106448
1275,57972
1275,133138
1275,125548
1276,153884
1276,38464
1276,121812
1276,157569
1276,128428
1276,110338
1277,145925
1277,55516
1277,160737
1277,165845
1277,18438
1277,126935
1277,129912
1277,123737
1277,143351
1277,148308
1278,15432
1278,121754
1278,160765
1278,73510
1279,8185
1279,159941
1279,6297
1279,181643
1279,113606
1279,182668
1279,150217
1279,131811
1279,168599
1279,121569
1279,109714
1280,107275
1280,125977
1280,166712
1280,178109
1280,183098
1280,148411
1280,103394
1280,143753
1280,14664
1280,18342
1280,154933
1281,14413
1281,134119
1281,14010
1281,145466
1281,121036
1281,134636
1282,20089
1282,113003
1282,163839
1282,171134
1282,23552
1282,176105
1282,183784
1282,170188
1282,137272
1283,135967
1283,130090
1283,171500
1283,71107
1283,153571
1283,142654
1283,169839
1283,108861
1284,101683
1284,147758
1284,159958
1284,181693
1284,17232
1284,71756
1284,158841
1284,163507
1285,182099
1285,102377
1285,110257
1285,161787
1285,122848
1285,132488
1286,158121
1286,136326
1286,160132
1286,126130
1286,109733
1287,172193
1287,164195
1287,132393
1287,174297
1287,104778
1287,147338
1287,15445
1287,135251
1288,159994
1288,150165
1288,175995
1288,166673
1288,22017
1289,121797
1289,130092
1289,134460
1289,170551
1290,124727
1290,121396
1290,158855
1290,140015
1290,154818
1290,139666
1290,136806
1291,155136
1291,127266
1291,136717
1291,118124
1291,163575
1291,146826
1291,156877
1291,103306
1291,127504
1291,155105
1292,162228
1292,156318
1293,162277
1293,124426
1293,140976
1293,130514
1293,126319
1293,121637
1293,145031
1294,93044
1294,150200
1294,24519
1294,127222
1294,111945
1294,104627
1294,149362
1295,169838
1295,163466
1295,19093
1295,162437
1295,117084
1295,167832
1295,180365
1295,17404
1295,150763
1295,140844
1295,10502
1296,11024
1296,159175
1297,107249
1297,156848
1297,128234
1297,71134
1298,93884
1298,133860
1298,157737
1298,121443
1298,173838
1298,164576
1298,16699
1298,174043
1299,174491
1299,15585
1299,127832
1299,157713
1299,168961
1299,138576
1299,127069
1300,103258
1300,149734
1300,108384
1300,150199
1300,14326
1300,122186
1300,6407
1301,168993
1301,157119
1301,121759
1301,81466
1301,152480
1301,181806
1301,182440
1301,163899
1301,172710
1301,192331
1302,129652
1302,115606
1302,123797
1302,114006
1303,166085
1303,153128
1303,18396
1303,163564
1303,15478
1303,129145
1303,158726
1303,156668
1303,150236
1304,171218
1304,153873
1304,106128
1304,185997
1304,124540
1305,154938
1305,117508
1305,156520
1305,146111
1305,176195
1306,14036
1306,135969
1307,107882
1307,23159
1307,125684
1308,161119
1308,156535
1308,156032
1309,156147
1309,173572
1309,123457
1309,147165
1309,121793
1309,24397
1309,172805
1309,136403
1310,141852
1310,16894
1310,173184
1310,104798
1311,181934
1311,175652
1311,23333
1311,104592
1311,131050
1311,155810
1311,123769
1311,107075
1311,22699
1312,149118
1312,17335
1312,169900
1312,19894
1312,128362
1312,123466
1312,160147
1313,165430
1313,120810
1313,149953
1314,153874
1314,169890
1314,145867
1314,152211
1314,74278
1315,162450
1315,165103
1315,103474
1315,111368
1315,136206
1316,112164
1316,107231
1316,103815
1316,112406
1316,157183
1316,58176
1316,23599
1316,168986
1317,13930
1317,148055
1317,162868
1317,37009
1317,22261
1317,157345
1317,159653
1317,185113
1317,122055
1317,156889
1318,147856
1318,146216
1318,129153
1318,154260
1318,142855
1318,166813
1318,156352
1318,157094
1319,148035
1319,156884
1319,109824
1319,5308
1319,147393
1319,158967
1319,84619
1319,155121
1319,122931
1319,109100
1320,11982
1320,128253
1320,123011
1320,138064
1321,130633
1321,159833
1321,101846
1321,164904
1321,113110
1321,125605
1321,151187
1322,124484
1322,109748
1322,127563
1322,156879
1322,164079
1322,129161
1323,166481
1323,124992
1323,117826
1323,175625
1323,138787
1323,146157
1323,156814
1324,127951
1324,104247
1324,102405
1325,147730
1325,8972
1325,110923
1325,166392
1325,118603
1326,150835
1326,156742
1326,167428
1326,149747
1326,126650
1326,100828
1327,101786
1327,182832
1327,121795
1327,182335
1327,4670
1327,58056
1327,99396
1328,117638
1328,173353
1328,171077
1328,129777
1328,160195
1328,137908
1328,139573
1329,135971
1329,145737
1329,144786
1329,152655
1329,170375
1329,107731
1329,84993
1329,133649
1329,99644
1329,106931
1330,173600
1330,132059
1330,103657
1330,159658
1330,136851
1330,174090
1331,104888
1331,143141
1331,162017
1331,123435
1331,124632
1331,169917
1331,152186
1331,148736
1332,146909
1332,163358
1332,177548
1332,143255
1332,149952
1333,127246
1333,107015
1333,150953
1334,183290
1334,21868
1334,160025
1334,149475
1335,121749
1335,145879
1335,164142
1336,131046
1336,112939
1336,153609
1336,138339
1336,20630
1336,146169
1336,115340
1336,17484
1336,126234
1336,123799
1336,161788
1336,145460
1336,143933
1337,121796
1337,185277
1337,163072
1337,146830
1337,64101
1337,121745
1338,43937
1338,152350
1338,164507
1338,19827
1338,160635
1338,133177
1339,153831
1339,167514
1339,143279
1339,150014
1340,170237
1340,146008
1341,135175
1341,156303
1341,17652
1341,24074
1341,121750
1341,128433
1341,166198
1341,132550
1342,7595
1342,10137
1342,125393
1342,112009
1342,150502
1342,8424
1343,153106
1343,126559
1343,19390
1343,91991
1344,41049
1345,19814
1345,131441
1345,106493
1345,9476
1346,24126
1346,119402
1347,178853
1347,61943
1347,100307
1348,150476
1348,147850
1348,122989
1348,122838
1349,104744
1349,15277
1349,166806
1349,124316
1349,14839
1349,135851
1350,149526
1350,156557
1351,109758
1351,21985
1351,158360
1352,111295
1352,147686
1352,3998
1352,110751
1353,139387
1353,136117
1353,138588
1353,155030
1354,37053
1354,121777
1354,21242
1354,53943
1354,138751
1354,126959
1355,163761
1355,122935
1355,172998
1356,142122
1356,172787
1356,11635
1356,172784
1357,139632
1357,11034
1357,24452
1357,158114
1357,145843
1357,138753
1357,50889
1358,165641
1358,170737
1358,108509
1358,144839
1359,124365
1359,126519
1359,122987
1359,108542
1359,114650
1360,133403
1360,104374
1360,9495
1360,122127
1360,127421
1360,132884
1360,139373
1360,22040
1360,13959
1361,93579
1361,170163
1361,108634
1362,6007
1362,126737
1363,180053
1363,160094
1363,111669
1363,130599
1363,21914
1364,174772
1364,134609
1364,178224
1364,71934
1364,7453
1364,164575
1365,107662
1365,123444
1365,126778
1365,22586
1365,100328
1365,108787
1365,129030
1365,123862
1366,11036
1366,150009
1366,147806
1366,3495
1366,137719
1366,107445
1367,134963
1367,17255
1367,21690
1367,115290
1368,177071
1368,152054
1368,99618
1368,147858
1368,144356
1369,35891
1369,152131
1369,11516
1369,124574
1369,164425
1370,103949
1370,138134
1370,129395
1370,133558
1371,7608
1371,171568
1371,163387
1371,159483
1372,123591
1372,23075
1372,111287
1372,156190
1372,53034
1373,156730
1373,132459
1373,12973
1373,149904
1373,164752
1373,154109
1373,147885
1373,120360
1373,10772
1373,160416
1374,140018
1374,137521
1374,139370
1375,19015
1375,184457
1375,17937
1375,172598
1376,58157
1377,6220
1377,123774
1377,12577
1377,163068
1377,174777
1377,122744
1377,180419
1377,164052
1378,152531
1378,118636
1378,170089
1378,171504
1379,183049
1379,101533
1379,117667
1379,117674
1379,102128
1379,177108
1379,19444
1380,129782
1381,110196
1381,123251
1381,98521
1381,68404
1382,101789
1383,124616
1383,130876
1383,121496
1383,123605
1384,134167
1384,174234
1384,169686
1384,14047
1384,157881
1385,115355
1385,147558
1385,57866
1385,170859
1385,160206
1385,103907
1385,8166
1386,23771
1386,99273
1386,146750
1386,109898
1386,181849
1386,158630
1386,19287
1386,139328
1386,101737
1387,146020
1387,167757
1387,127256
1387,120972
1387,146186
1387,135525
1387,149676
1387,157114
1388,172566
1388,171280
1389,18256
1389,145969
1389,159940
1389,62739
1390,164196
1390,184949
1390,120629
1390,55510
1391,140896
1391,132126
1391,150563
1391,162085
1391,147838
1392,10774
1392,121723
1392,17612
1392,145122
1392,132097
1392,144795
1392,130488
1393,124089
1393,19438
1393,128942
1393,124715
1394,163379
1394,108799
1394,122222
1394,136822
1394,124842
1394,98936
1394,128973
1395,126064
1395,149059
1395,127879
1395,147734
1395,147448
1395,166433
1396,21597
1396,172468
1396,147579
1396,123863
1396,129376
1396,156469
1396,164509
1396,102881
1397,130671
1397,117678
1397,158534
1397,127417
1397,173383
1399,123796
1399,147275
1399,138602
1399,12519
1399,105934
1399,142163
1399,7819
1400,157238
1400,24743
1400,164020
1400,156510
1400,108734
1401,14433
1401,146293
1401,137134
1401,164183
1401,152582
1401,104788
1402,132272
1402,166836
1402,103209
1402,162829
1402,135412
1402,129108
1403,181099
1403,14594
1403,163565
1403,121756
1403,154176
1403,121579
1403,172752
1404,9595
1404,109732
1404,171152
1404,64938
1405,127097
1405,122836
1405,37396
1405,128359
1405,102173
1406,131749
1406,147166
1406,126343
1406,142039
1406,128424
1406,146419
1406,161750
1407,20109
1407,130212
1407,180330
1407,172221
1408,158101
1408,169667
1408,171038
1408,169529
1409,122793
1409,120450
1409,47999
1409,19014
1409,156608
1409,6797
1409,160874
1410,102437
1410,12351
1410,24396
1410,113885
1410,129003
1410,21773
1411,126885
1411,142547
1412,58322
1412,134422
1412,105164
1412,141633
1412,128542
1412,128217
1412,24596
1413,162284
1413,125225
1413,160238
1413,158834
1413,175876
1413,20365
1413,14762
1414,156095
1414,146564
1414,154333
1414,167826
1414,182377
1415,2931
1415,10252
1415,105594
1415,168675
1415,117176
1415,94878
1415,136913
1416,102783
1416,169018
1416,182797
1416,167664
1416,121767
1417,76051
1417,21235
1417,115388
1418,128595
1418,110366
1418,166936
1419,14076
1419,121893
1419,173334
1419,127895
1419,171564
1420,117792
1420,137099
1420,164497
1420,121815
1420,177002
1420,154890
1420,115402
1420,9478
1421,176376
1421,151813
1422,142773
1422,123007
1422,98788
1422,161075
1422,132073
1422,163060
1422,10361
1422,106438
1423,127906
1423,5756
1423,155325
1423,172894
1423,160162
1424,182594
1424,129309
1424,5353
1424,152150
1424,169317
1424,148447
1425,121540
1425,15460
1426,160642
1426,136110
1426,163588
1427,15546
1427,150378
1427,140677
1427,168867
1427,180334
1428,107657
1428,20061
1428,122722
1428,117586
1428,147846
1428,179172
1428,11482
1429,126245
1429,24241
1430,74670
1430,131847
1430,166782
1430,162470
1430,179533
1430,127546
1430,147926
1431,121619
1432,141216
1432,113781
1433,147377
1433,163352
1433,143792
1433,143636
1433,129903
1434,115209
1434,161268
1434,143494
1434,164347
1435,187470
1435,35610
1435,152042
1435,33569
1435,158402
1436,156472
1436,115300
1437,113598
1437,14651
1437,147439
1437,19126
1437,168588
1437,158554
1437,174888
1437,17326
1437,20916
1438,163771
1438,24432
1438,148251
1438,172913
1438,51665
1439,162675
1439,153732
1439,168963
1440,5594
1440,174755
1440,7331
1440,185011
1441,146829
1441,153499
1442,138126
1442,171667
1442,104817
1443,148526
1443,23347
1443,11536
1444,6758
1444,104529
1444,183288
1445,15998
1446,169320
1446,161410
1446,145545
1446,176614
1446,163172
1446,113514
1446,78951
1447,156476
1447,178551
1447,118633
1447,127841
1447,117713
1447,122892
1448,165054
1448,174555
1448,100092
1448,187461
1448,125682
1448,99155
1448,148452
1449,156828
1449,170649
1449,170297
1450,20987
1450,136598
1450,106175
1450,162268
1450,99270
1450,148434
1450,16479
1451,117631
1451,6995
1451,116946
1452,109609
1452,121025
1452,121584
1453,94612
1453,57788
1453,151001
1454,130491
1455,145599
1455,9473
1455,130936
1455,18212
1455,157567
1455,168798
1456,122625
1456,151251
1456,117319
1457,22121
1457,101852
1457,156928
1457,162271
1457,137329
1457,170875
1457,178143
1457,6799
1458,164072
1458,108174
1458,9718
1458,124610
1458,164567
1458,160757
1458,113136
1458,183821
1458,151705
1458,21509
1459,147211
1459,121883
1459,104638
1459,19439
1460,176544
1460,144393
1460,12326
1460,117452
1460,162894
1461,144122
1462,173691
1462,169347
1462,104952
1462,174725
1463,166486
1463,129616
1463,164268
1463,128371
1463,125308
1463,172241
1464,151671
1464,16844
1464,158792
1464,23221
1464,7916
1465,14057
1465,23032
1466,160915
1466,162274
1466,7679
1466,131191
1466,156774
1466,145792
1467,104270
1467,158037
1467,128953
1468,24890
1469,153104
1469,168013
1469,120425
1469,17330
1469,137961
1470,179993
1470,121706
1470,120775
1471,142753
1471,156478
1471,10426
1471,102599
1471,113887
1471,77397
1472,128477
1472,173688
1472,180990
1472,151196
1472,109176
1473,127239
1473,145937
1473,135835
1473,102343
1473,10200
1474,117393
1474,143103
1474,121110
1474,141386
1474,106857
1474,130330
1474,147867
1474,168868
1474,139310
1475,163312
1475,145951
1475,131484
1475,24512
1475,4957
1475,123198
1475,126352
1476,148908
1476,158609
1476,171194
1476,170052
1477,170171
1477,125175
1477,92940
1477,152927
1478,116944
1478,125268
1478,128316
1479,164732
1480,172578
1480,124489
1480,138962
1481,170107
1481,124374
1481,8131
1481,10138
1482,127034
1482,104056
1482,15986
1482,156754
1483,132206
1483,127267
1483,113995
1483,121639
1484,121744
1485,166564
1485,17418
1485,2930
1486,134753
1486,121448
1488,162326
1488,173852
1488,121028
1488,122930
1489,156586
1489,123171
1489,124024
1489,182831
1490,126148
1490,141625
1490,171464
1491,144689
1491,105019
1491,182426
1492,122025
1492,17235
1492,5314
1493,152697
1493,164407
1493,165132
1493,117159
1493,100704
1493,170411
1493,101919
1494,136502
1495,147592
1495,164087
1495,4183
1495,110815
1495,9548
1495,123137
1496,176356
1496,173609
1496,133903
1496,162569
1496,152147
1497,9440
1497,129154
1497,23015
1497,168445
1497,151190
1498,145366
1498,151399
1498,129173
1498,160045
1499,170562
1499,6486
1499,117167
1500,141098
1500,161066
1501,171097
1501,109142
1503,114428
1503,130635
1503,103697
1504,128007
1504,171984
1504,160286
1505,84817
1505,146516
1505,123033
1505,154174
1505,22887
1506,157150
1506,24768
1506,99738
1507,108689
1507,177539
1507,133493
1507,167789
1507,140421
1507,127235
1508,168012
1508,128275
1508,143754
1508,13392
1509,152767
1509,172493
1510,134274
1511,128537
1511,82606
1511,17336
1511,124434
1511,18831
1511,7435
1511,186036
1511,130634
1512,107957
1512,149476
1513,124998
1514,151067
1514,157154
1515,37147
1515,139647
1516,189078
1516,156209
1516,127083
1516,19124
1516,11011
1517,160288
1517,169432
1517,129701
1518,143205
1519,123859
1519,127724
1519,88834
1519,102675
1519,6793
1519,163114
1520,158091
1520,110749
1521,184568
1522,21941
1522,129178
1522,158596
1522,132078
1523,9957
1523,109991
1523,71136
1524,181812
1524,156225
1524,175265
1524,182562
1524,22695
1525,136410
1525,126426
1525,24516
1526,117862
1526,167218
1526,14417
1527,151535
1527,109108
1527,98818
1527,127050
1527,109883
1527,121794
1527,124259
1527,110856
1527,122623
1527,170328
1528,126526
1528,122771
1529,127116
1529,183774
1529,144070
1529,161074
1529,139995
1530,156643
1530,141192
1530,13639
1530,158456
1530,104707
1530,74921
1531,164018
1531,152045
1531,129561
1531,157195
1531,158853
1532,98913
1532,166586
1532,39788
1532,160338
1532,150135
1532,172090
1532,92309
1533,162730
1533,18111
1534,16115
1534,51480
1534,122911
1535,133709
1535,176815
1535,105276
1535,109849
1535,124571
1536,136119
1537,153090
1537,173147
1537,19952
1537,104295
1537,168956
1538,7505
1539,163223
1539,10152
1539,156121
1540,177344
1540,152127
1540,98713
1541,145706
1542,158836
1542,37097
1542,39336
1543,150742
1543,130144
1543,108537
1543,159642
1543,102817
1543,139816
1543,136141
1544,107772
1544,176049
1544,103073
1544,156662
1545,136054
1545,16903
1545,171673
1545,142989
1545,154881
1546,169177
1546,123610
1546,185952
1546,101611
1546,167513
1546,148466
1547,141715
1547,67446
1548,153833
1548,92129
1548,145980
1549,180224
1549,159478
1549,14472
1549,116939
1550,57786
1550,7201
1550,144428
1552,170057
1552,122292
1552,124575
1552,121990
1552,164628
1554,166565
1554,6218
1554,148356
1554,22267
1555,171219
1555,142516
1555,41014
1555,182250
1555,180455
1556,169216
1556,16595
1556,156610
1556,136666
1556,145016
1557,134962
1557,185818
1557,133828
1557,148636
1557,126573
1558,132412
1558,164122
1558,182877
1559,160652
1559,124388
1559,157816
1559,123793
1560,168155
1560,181742
1561,160701
1561,126118
1561,103507
1561,81527
1562,160823
1562,22199
1562,128580
1563,131259
1563,163511
1563,81300
1565,149215
1565,185096
1565,145357
1565,10143
1566,15598
1567,156070
1568,77548
1568,124568
1569,153534
1569,160074
1569,148417
1569,24131
1569,115035
1569,123431
1569,105726
1570,149963
1570,147778
1570,24765
1571,136647
1571,145060
1571,120998
1571,136197
1571,125077
1571,159934
1572,125202
1572,182356
1572,101584
1572,170263
1573,122570
1573,180494
1573,99166
1573,160770
1574,188802
1574,156027
1574,141206
1575,121528
1575,133521
1575,102269
1575,145979
1576,144457
1576,153791
1576,130475
1576,162234
1577,181687
1577,158962
1577,18114
1578,147210
1578,141145
1578,156829
1579,173356
1579,123454
1580,146311
1580,129117
1580,146333
1580,136692
1581,110918
1582,110578
1583,123461
1583,160090
1583,125415
1583,22351
1584,120436
1584,15227
1585,162737
1585,156581
1585,149990
1585,188826
1585,158842
1586,141760
1586,14643
1586,128763
1586,160636
1586,23030
1586,147021
1586,99070
1586,153098
1586,58761
1587,152745
1587,126336
1587,180526
1588,156109
1589,121478
1589,16637
1589,136626
1589,14766
1589,181589
1591,17454
1591,101684
1591,182065
1591,57745
1592,126468
1592,175949
1592,98660
1592,3525
1592,16853
1592,163058
1592,156375
1593,140418
1593,181771
1593,126119
1593,23143
1594,129628
1594,142035
1594,138799
1594,109807
1595,42229
1596,14035
1596,113629
1597,15596
1597,168549
1598,133748
1598,146031
1599,142714
1599,124320
1599,15547
1599,160118
1600,14488
1601,179951
1601,112952
1601,157706
1601,121594
1601,145977
1602,108221
1602,137389
1603,16472
1603,185868
1603,107176
1603,109616
1603,160061
1603,177122
1603,124539
1604,152007
1604,156693
1605,6270
1605,102353
1605,167270
1606,17347
1606,18519
1606,16162
1606,145794
1606,112049
1606,132399
1607,114898
1607,5216
1607,4136
1608,23227
1608,139694
1609,163758
1609,115054
1609,157065
1610,179050
1610,169599
1610,103388
1610,156394
1611,172333
1611,157830
1611,152678
1612,120814
1612,161443
1612,100909
1613,23610
1613,153476
1614,107332
1614,153146
1614,144771
1614,136539
1614,149247
1614,150994
1614,133468
1614,110660
1615,173979
1615,176852
1615,22046
1616,15443
1616,157429
1617,140424
1617,152008
1618,148130
1618,162532
1618,9610
1618,163222
1619,145397
1619,145531
1620,141231
1620,126153
1621,120699
1621,156553
1621,129653
1621,142250
1622,157171
1622,159251
1622,162923
1622,153790
1622,16887
1623,157209
1623,24757
1624,99930
1624,156187
1624,13095
1625,143810
1626,152038
1626,17618
1627,23589
1627,182673
1627,144096
1628,78133
1628,157258
1628,12379
1628,171275
1628,156466
1628,126578
1629,170653
1629,35051
1630,22895
1630,140651
1630,111327
1630,122238
1632,7896
1633,98843
1633,20893
1633,124093
1633,152009
1633,147855
1634,7450
1634,114131
1634,143269
1635,171087
1635,6934
1635,188778
1635,156738
1636,156652
1636,158868
1636,137655
1636,117538
1637,149070
1637,14610
1637,129305
1638,148317
1638,17574
1638,135545
1640,162481
1640,149147
1641,162899
1641,23650
1641,130042
1642,156895
1643,158076
1644,136925
1645,171775
1646,172883
1646,10717
1646,133779
1647,170033
1648,174778
1648,103787
1648,171782
1649,154317
1649,129706
1650,154253
1651,11110
1651,105409
1652,14081
1652,7515
1653,129699
1654,148273
1654,105416
1654,164069
1654,145518
1654,22249
1654,169812
1655,108937
1656,111566
1656,21457
1657,122510
1657,127502
1657,180939
1658,172155
1658,13895
1658,67754
1658,174094
1659,120955
1660,170113
1660,147936
1660,124839
1660,151361
1660,128744
1660,141632
1661,103379
1661,127783
1661,163139
1661,128787
1662,161596
1663,122119
1665,17459
1665,150518
1665,129436
1666,126707
1666,166383
1667,117174
1668,24139
1668,22721
1669,13454
1669,135945
1669,98756
1669,145393
1669,143808
1670,168577
1671,102093
1672,124415
1672,133894
1673,124770
1674,104135
1674,142802
1675,129159
1675,156971
1676,130895
1676,10818
1676,175009
1677,37375
1677,119599
1677,148333
1677,14578
1677,121489
1677,113144
1678,106054
1678,102349
1679,161927
1679,126600
1679,58704
1680,18301
1680,103755
1681,162755
1681,115563
1682,138899
1682,23061
1683,157091
1683,5431
1683,144581
1683,124989
1684,119153
1684,11636
1684,71757
1685,161049
1686,141204
1686,173367
1686,177750
1687,156881
1687,114539
1687,8528
1687,152254
1688,121766
1689,110193
1689,18393
1690,162659
1690,31482
1691,128228
1692,132889
1692,152675
1692,16791
1692,23706
1693,123446
1693,14216
1694,125976
1694,144754
1695,158857
1695,132776
1695,135431
1696,152145
1696,146475
1696,55963
1697,126497
1697,165125
1697,183097
1697,124034
1698,13972
1698,24600
1698,135946
1698,112586
1699,160332
1699,118359
1699,132877
1700,114964
1700,178139
1700,152919
1701,143946
1702,129136
1702,163052
1702,24767
1702,126518
1702,123422
1703,138870
1703,146658
1704,9738
1704,13897
1704,126767
1704,24290
1704,161175
1705,29741
1706,148637
1706,138553
1706,170564
1707,126529
1707,145055
1707,13400
1707,144751
1707,22688
1708,176293
1708,162403
1708,109116
1709,125790
1709,156175
1709,163501
1710,128412
1710,100335
1710,150295
1710,113992
1711,137382
1711,157092
1712,137198
1712,145396
1712,155336
1712,132143
1712,37212
1713,124625
1713,76647
1714,122457
1714,169011
1714,33305
1715,153151
1715,43532
1715,148269
1715,176122
1715,157602
1717,94350
1717,23765
1717,126360
1718,169898
1718,156538
1718,182103
1718,164046
1719,147949
1719,107990
1719,132980
1719,161811
1720,139898
1720,142230
1720,127669
1721,114499
1721,153162
1722,142031
1725,183270
1726,144575
1726,146764
1726,109508
1727,31715
1727,178827
1728,110217
1729,165573
1729,129647
1729,171407
1730,148206
1730,18026
1730,174391
1730,145999
1732,110280
1732,183524
1733,121407
1733,108846
1733,152371
1734,124390
1735,109390
1735,122973
1735,122975
1735,114477
1736,21089
1738,140107
1738,159866
1739,117681
1739,133978
1739,156615
1739,22205
1740,105944
1740,149384
1741,105508
1741,144389
1741,109080
1742,6809
1742,154073
1742,123790
1742,152708
1742,22086
1743,129157
1743,156993
1743,156710
1744,143266
1744,124250
1744,191786
1745,138279
1745,84728
1746,128994
1746,129302
1746,160662
1746,25065
1746,167698
1746,148793
1746,15231
1747,14544
1749,11278
1751,128152
1751,156736
1752,138016
1752,153973
1752,17291
1752,119566
1752,140135
1753,161092
1753,168999
1753,166234
1754,178610
1754,11279
1754,6930
1754,167214
1754,15441
1755,102257
1755,92937
1755,19798
1756,168697
1756,99006
1757,110297
1757,164739
1757,132817
1757,22259
1758,145852
1758,136065
1759,158594
1759,113852
1759,14828
1759,64048
1760,110399
1760,102699
1761,131602
1761,170818
1761,126766
1761,20051
1762,111097
1762,20877
1762,164920
1762,148286
1762,162313
1763,168484
1763,121790
1763,10456
1764,159604
1764,156232
1764,3527
1764,172934
1764,16836
1765,131674
1765,168592
1765,162490
1765,183815
1765,156398
1767,92951
1767,140680
1768,113909
1768,169936
1768,128298
1768,15451
1768,11545
1769,160355
1769,102467
1770,24894
1770,142871
1770,172449
1770,171441
1770,150787
1770,156821
1771,120953
1771,24404
1772,156769
1772,98468
1773,171854
1774,138176
1774,109492
1774,110063
1775,141465
1775,163730
1776,10899
1776,20683
1777,104118
1777,138572
1778,136518
1779,162436
1779,144998
1779,122117
1779,102973
1780,99708
1780,154259
1780,162469
1780,157188
1781,114887
1783,13968
1783,182617
1783,137449
1784,159111
1784,124679
1784,16874
1784,16707
1786,182991
1786,130060
1786,153675
1786,140912
1787,164605
1787,110166
1788,162245
1788,156925
1789,57997
1789,124370
1790,115384
1790,158915
1791,166008
1791,128278
1792,148839
1793,117566
1793,117589
1794,171813
1794,111292
1795,104310
1796,148776
1796,99733
1796,171748
1797,135539
1797,173056
1797,84768
1797,33609
1798,92126
1798,126091
1799,119555
1800,165530
1800,133472
1800,146450
1800,124487
1801,156749
1801,114557
1802,126747
1803,9892
1803,163027
1803,158413
1804,158897
1804,125968
1805,148274
1807,157099
1808,119107
1808,131276
1808,133258
1808,142715
1808,124712
1809,129697
1809,140704
1810,151459
1812,30224
1812,160070
1812,149010
1812,159269
1813,127819
1813,158831
1814,128004
1814,130318
1815,24275
1815,9106
1817,166154
1817,123644
1817,124068
1818,142917
1819,180886
1819,18312
1819,173115
1820,3693
1820,123245
1820,7681
1820,15209
1821,163688
1822,118508
1822,17127
1823,162090
1825,163904
1825,120684
1826,112291
1826,142121
1828,140255
1829,182176
1829,18313
1829,135827
1830,156837
1831,172692
1834,152264
1834,126139
1834,177992
1834,177459
1835,11498
1836,182168
1836,152260
1836,123054
1837,178911
1837,179405
1837,131984
1837,104045
1837,121620
1838,23751
1838,124676
1838,16111
1839,140427
1839,142808
1839,149012
1839,15456
1840,9529
1840,124107
1840,20697
1841,128261
1841,172572
1841,121336
1842,156959
1842,177146
1843,111558
1843,20330
1843,131974
1844,17572
1844,6203
1844,122310
1845,124699
1845,156932
1845,171841
1845,147019
1845,153139
1846,123013
1846,122634
1848,160295
1849,142727
1850,76394
1850,164131
1851,173299
1852,120973
1852,10868
1853,128010
1854,110349
1854,67145
1855,147200
1855,149002
1855,148930
1856,7427
1857,142657
1857,176254
1858,16929
1858,128183
1858,158816
1859,126021
1859,171199
1860,121529
1861,161220
1864,108637
1865,9973
1865,14618
1866,120449
1866,161763
1866,118468
1867,33282
1868,157440
1869,16859
1870,152753
1870,108522
1872,106078
1873,16709
1873,125179
1873,127799
1873,112187
1873,162218
1874,138197
1875,109695
1875,101859
1876,169736
1876,162486
1877,111270
1878,129050
1879,144887
1880,10064
1880,212993
1883,104633
1884,130890
1884,158276
1884,135338
1885,155329
1885,124572
1885,128952
1887,127624
1887,163937
1888,129778
1888,150893
1888,146189
1889,121748
1890,168485
1890,37362
1891,63295
1893,137293
1893,131629
1894,137158
1894,135657
1895,120409
1896,6638
1896,10254
1896,168685
1897,21094
1900,99203
1901,121635
1901,57939
1903,170076
1903,113777
1905,144693
1906,132495
1907,150593
1907,103126
1907,121492
1908,100687
1908,146399
1908,102692
1908,112295
1909,5863
1909,182137
1909,110229
1910,21609
1910,122896
1911,135858
1911,57979
1911,151369
1912,110390
1914,136417
1915,136738
1916,121612
1916,127510
1917,143767
1917,11309
1918,128741
1918,164145
1919,131567
1920,14422
1920,124573
1920,160034
1920,20779
1920,144973
1921,57488
1922,148587
1922,123473
1922,13175
1924,150654
1924,167834
1925,105279
1927,164188
1927,162927
1927,7922
1928,21923
1929,13475
1930,23479
1931,169588
1932,11026
1932,167919
1932,177129
1933,110797
1934,9864
1934,152310
1935,122711
1935,173434
1937,141044
1937,146733
1937,173933
1942,146330
1942,24475
1944,74837
1945,112386
1946,136150
1947,140638
1948,77480
1948,9516
1950,11402
1951,109046
1952,111811
1953,19546
1954,9284
1955,109357
1955,167835
1957,145533
1959,17486
1959,135214
1959,145813
1961,111530
1962,161149
1964,33456
1964,150655
1965,104128
1968,138116
1968,147187
1968,172630
1969,172663
1969,7597
1970,122316
1970,33336
1970,184065
1972,127648
1972,33328
1972,19473
1974,160550
1975,101554
1976,6624
1976,21364
1977,135464
1978,133396
1979,17277
1980,122523
1981,129979
1981,139658
1982,146514
1982,144015
1984,129804
1984,146033
1985,119567
1985,58590
1985,128005
1986,143071
1987,63925
1990,124948
1990,7039
1991,170432
1992,117019
1992,109215
1996,20853
1996,103005
1997,11004
1997,144577
1998,156735
1999,121738
2000,23782
2001,6290
2006,140901
2006,125966
2007,151851
2008,122739
2008,121664
2010,5755
2013,156890
2013,144899
2015,64187
2016,114375
2017,158593
2017,160192
2018,181961
2018,124095
2019,14797
2019,6924
2021,125136
2021,103069
2021,118227
2023,9539
2024,103092
2024,170752
2027,169231
2027,144995
2029,150174
2029,123497
2029,151260
2030,174535
2030,164213
2030,118345
2030,101884
2031,168127
2031,163347
2031,9962
2032,113955
2033,92135
2033,146394
2034,163597
2035,117414
2037,137609
2038,106315
2040,138136
2040,152251
2040,144454
2043,160859
2046,159252
2048,136407
2049,98589
2049,144762
2051,127999
2051,108631
2052,124683
2052,146709
2053,76626
2053,106513
2054,121597
2055,18308
2056,100955
2061,187013
2062,115273
2062,103641
2063,19799
2063,151711
2064,167717
2066,42034
2066,127917
2068,158965
2068,158170
2068,104225
2069,150996
2069,16221
2071,105129
2071,122179
2073,16879
2074,142992
2078,157832
2079,14062
2079,183013
2080,19547
2080,142930
2081,23294
2083,162852
2085,101005
2085,121746
2085,162276
2086,19128
2088,129156
2088,103476
2091,122961
2093,126977
2095,186073
2096,101067
2096,123035
2101,170652
2101,148432
2103,91995
2104,163852
2105,75931
2105,163846
2106,144511
2106,144990
2107,57780
2108,147025
2108,40983
2108,104837
2109,153977
2110,159731
2110,57967
2111,22846
2112,154469
2116,20693
2117,18394
2117,109486
2118,122743
2118,157045
2118,156219
2119,136897
2119,20017
2119,139587
2121,183408
2121,16958
2125,157836
2125,135939
2126,15330
2129,150821
2129,128013
2131,11054
2133,118099
2134,152662
2134,13887
2135,7337
2136,103805
2139,122178
2139,124261
2142,139571
2142,18557
2143,134037
2144,123776
2148,12315
2150,115840
2155,21735
2157,147852
2157,142921
2161,156843
2162,98803
2164,99598
2166,170768
2167,14597
2167,149670
2168,122306
2169,7151
2170,127450
2173,182463
2175,152169
2176,74839
2177,103908
2178,152034
2179,105658
2179,64072
2180,161186
2183,164150
2184,141899
2184,149546
2184,16957
2187,4798
2188,167618
2188,143316
2189,183949
2189,22250
2190,123116
2191,170986
2191,101184
2191,135889
2193,21247
2193,181456
2197,121747
2197,74914
2197,151993
2198,144509
2199,10447
2200,123777
2201,103051
2201,64162
2202,130718
2205,156544
2206,122168
2207,122209
2207,168175
2210,140157
2210,32130
2211,171532
2212,137818
2214,126971
2215,147605
2215,109667
2215,98659
2218,120346
2218,156903
2219,156955
2219,10725
2220,163294
2224,144419
2224,154812
2224,102171
2226,104690
2227,17442
2229,115531
2229,10435
2231,145610
2232,99034
2241,104418
2241,179130
2245,19902
2245,99996
2246,122021
2248,109813
2249,22549
2249,143305
2250,157814
2252,145353
2252,16204
2259,121607
2259,133390
2260,159584
2261,159996
2263,99491
2264,146697
2265,13951
2266,10719
2268,160514
2269,14409
2270,145132
2271,9546
2272,171067
2274,123432
2277,156614
2279,131686
2279,125338
2280,150941
2281,156948
2281,119564
2281,76653
2282,156790
2286,123106
2286,131088
2286,10777
2286,132919
2287,181359
2287,163684
2288,114928
2293,107439
2293,114988
2293,115055
2293,121471
2295,11626
2298,124429
2300,136316
2300,105612
2301,16856
2303,136999
2305,15401
2305,122693
2306,103906
2307,128006
2307,119992
2310,129374
2310,15269
2311,122169
2313,152439
2314,171498
2317,9469
2317,133393
2317,122219
2322,133754
2323,24358
2325,128215
2325,178865
2326,173992
2328,164738
2329,7909
2330,10711
2333,120446
2337,172989
2339,129166
2340,105484
2341,146434
2344,14569
2347,115373
2349,163570
2351,148210
2354,144455
2354,133394
2360,16427
2363,114725
2363,13784
2364,122172
2364,116993
2371,146153
2373,16829
2376,102756
2377,109308
2377,101062
2377,16857
2377,169640
2378,165105
2384,105538
2385,167718
2387,163658
2389,16215
2389,122030
2391,21199
2393,109640
2393,156846
2394,136207
2394,14391
2396,22419
2396,148993
2401,141712
2405,9452
2406,122016
2407,153648
2408,115566
2419,110494
2420,10847
2423,8111
2426,17693
2427,58156
2427,137363
2428,145392
2429,16168
2437,16852
2437,161341
2438,22587
2439,105073
2443,110352
2447,6927
2448,123108
2449,16704
2449,133559
2465,18993
2467,176030
2474,136123
2475,35577
2478,159393
2479,118189
2479,147942
2482,144711
2482,154325
2483,6249
2484,146298
2485,133395
2491,117552
2493,129257
2493,129373
2494,159973
2496,157135
2496,132752
2497,137027
2502,104479
2508,104498
2510,161277
2510,158254
2516,124714
2518,149562
2532,135972
2532,156337
2537,163655
2537,102811
2542,10205
2543,157159
2543,99248
2551,129438
2551,127922
2555,136536
2556,146343
2566,22719
2572,162605
2573,60409
2573,122226
2575,157053
2589,126492
2590,7418
2592,145848
2593,124618
2595,162229
2596,105849
2597,146432
2603,101730
2606,124597
2610,156508
2611,153871
2616,57758
2618,76586
2622,158595
2623,11039
2628,15552
2630,148346
2630,166779
2636,144648
2644,13280
2650,22621
2663,9866
2665,167820
2678,162867
2689,141178
2690,117711
2694,174617
2694,137349
2695,154338
2707,156515
2711,104131
2711,166412
2715,132490
2717,163978
2719,146431
2727,11055
2732,17674
2733,19792
2736,153970
2739,135266
2741,111093
2743,121475
2759,183126
2762,137766
2765,35698
2766,137209
2771,26834
2773,163153
2778,22551
2779,139395
2791,120832
2791,144004
2796,131286
2808,106320
2818,107300
2821,106608
2821,164128
2827,160336
2828,167695
2832,104486
2836,162977
2838,119279
2840,109800
2846,163977
2860,101845
2863,122974
2870,99818
2874,136307
2878,162874
2879,145635
2880,33331
2880,121463
2892,119443
2896,146523
2897,138191
2900,153891
2900,142993
2914,169235
2915,145636
2916,160878
2917,132989
2922,102428
2923,104751
2925,124691
2933,16150
2939,146321
2952,130207
2953,10249
2954,182341
2955,122986
2962,12314
2962,144056
2967,18293
2978,14040
2983,120448
2994,121582
3013,127666
3017,164465
3026,11031
3035,23029
3039,122197
3052,128591
3061,23730
3075,152176
3086,99256
3088,64750
3089,121488
3093,158607
3098,64262
3099,124689
3100,121595
3103,164801
3105,17630
3110,21388
3115,126785
3132,120829
3136,121575
3137,125331
3153,109737
3164,9491
3166,160128
3169,121588
3175,20695
3183,159016
3208,145350
3219,102546
3221,121474
3223,158127
3240,124486
3244,159526
3263,22391
3283,121599
3294,114546
3295,103105
3305,24155
3310,140165
3325,157191
3335,128002
3349,109894
3352,143389
3366,6250
3371,100488
3375,21389
3453,23472
3478,108847
3493,109420
3507,99035
3532,152290
3548,123434
3562,142670
3567,111273
3600,6272
3604,127659
3623,162971
3662,120466
3666,128009
3668,138796
3687,14059
3698,19397
3730,125328
3751,19788
3757,121111
3768,22074
3770,18464
3803,35579
3818,7508
3829,160134
3882,156705
3897,111034
3925,110626
3941,6334
3946,124626
3950,110954
4007,162663
4107,102664
4157,109051
4242,101994
4328,141997
4805,132433
5928,114594
6266,105459
8414,161160
10233,142888
