x_id,phone
250955,14100000001
250956,14100000002
250957,14100000003
250958,14100000004
250959,14100000005
250961,14100000006
250960,14100000007
250962,14100000008
250965,14100000009
250964,14100000010
250963,14100000011
250966,14100000012
250967,14100000013
250968,14100000014
250969,14100000015
250970,14100000016
250971,14100000017
250973,14100000018
250972,14100000019
250974,14100000020
250975,14100000021
250976,14100000022
250977,14100000023
250978,14100000024
250979,14100000025
250980,14100000026
250981,14100000027
250982,14100000028
250983,14100000029
250984,14100000030
250985,14100000031
250986,14100000032
250987,14100000033
250988,14100000034
250989,14100000035
250990,14100000036
250991,14100000037
250992,14100000038
250993,14100000039
250995,14100000040
250994,14100000041
250996,14100000042
250997,14100000043
250998,14100000044
250999,14100000045
251000,14100000046
251001,14100000047
251002,14100000048
251003,14100000049
251004,14100000050
251005,14100000051
251006,14100000052
251007,14100000053
251008,14100000054
251009,14100000055
251010,14100000056
251011,14100000057
251012,14100000058
251013,14100000059
251014,14100000060
251015,14100000061
251016,14100000062
251017,14100000063
251018,14100000064
251019,14100000065
251020,14100000066
251021,14100000067
251022,14100000068
251023,14100000069
251025,14100000070
251024,14100000071
251026,14100000072
251027,14100000073
251028,14100000074
251029,14100000075
251030,14100000076
251031,14100000077
251032,14100000078
251033,14100000079
251035,14100000080
251034,14100000081
251036,14100000082
251037,14100000083
251038,14100000084
251039,14100000085
251040,14100000086
251041,14100000087
251042,14100000088
251043,14100000089
251045,14100000090
251044,14100000091
251046,14100000092
251047,14100000093
251048,14100000094
251049,14100000095
251050,14100000096
251051,14100000097
251052,14100000098
251053,14100000099
251054,14100000100
251056,14100000101
251055,14100000102
251057,14100000103
251058,14100000104
251059,14100000105
251060,14100000106
251062,14100000107
251061,14100000108
251063,14100000109
251064,14100000110
251065,14100000111
251066,14100000112
251067,14100000113
251068,14100000114
251069,14100000115
251070,14100000116
251071,14100000117
251074,14100000118
251072,14100000119
251073,14100000120
251076,14100000121
251075,14100000122
251077,14100000123
251078,14100000124
251079,14100000125
251080,14100000126
251081,14100000127
251082,14100000128
251083,14100000129
251084,14100000130
251085,14100000131
251086,14100000132
251087,14100000133
251088,14100000134
251089,14100000135
251090,14100000136
251091,14100000137
251092,14100000138
251093,14100000139
251094,14100000140
251096,14100000141
251095,14100000142
251097,14100000143
251099,14100000144
251100,14100000145
251101,14100000146
251102,14100000147
251104,14100000148
251105,14100000149
251103,14100000150
251106,14100000151
251107,14100000152
251108,14100000153
251109,14100000154
251110,14100000155
251111,14100000156
251112,14100000157
251113,14100000158
251114,14100000159
251115,14100000160
251116,14100000161
251117,14100000162
251118,14100000163
251119,14100000164
251120,14100000165
251121,14100000166
251122,14100000167
251123,14100000168
251124,14100000169
251125,14100000170
251127,14100000171
251128,14100000172
251129,14100000173
251130,14100000174
251131,14100000175
251132,14100000176
251133,14100000177
251135,14100000178
251134,14100000179
251136,14100000180
251137,14100000181
251138,14100000182
251139,14100000183
251140,14100000184
251141,14100000185
251142,14100000186
251143,14100000187
251144,14100000188
251145,14100000189
251146,14100000190
251147,14100000191
251148,14100000192
251149,14100000193
251150,14100000194
251151,14100000195
251152,14100000196
251153,14100000197
251154,14100000198
251155,14100000199
251156,14100000200
251157,14100000201
251158,14100000202
251159,14100000203
251160,14100000204
251162,14100000205
251161,14100000206
251163,14100000207
251164,14100000208
251165,14100000209
251166,14100000210
251167,14100000211
251168,14100000212
251169,14100000213
251170,14100000214
251171,14100000215
251172,14100000216
251173,14100000217
251174,14100000218
251175,14100000219
251176,14100000220
251177,14100000221
251178,14100000222
251179,14100000223
251180,14100000224
251181,14100000225
251182,14100000226
251183,14100000227
251185,14100000228
251186,14100000229
251187,14100000230
251188,14100000231
251189,14100000232
251190,14100000233
251191,14100000234
251192,14100000235
251194,14100000236
251193,14100000237
251195,14100000238
251196,14100000239
251197,14100000240
251198,14100000241
251199,14100000242
251200,14100000243
251201,14100000244
251202,14100000245
251203,14100000246
251204,14100000247
251205,14100000248
251206,14100000249
251207,14100000250
251208,14100000251
251209,14100000252
251210,14100000253
251211,14100000254
251212,14100000255
251213,14100000256
251214,14100000257
251215,14100000258
251216,14100000259
251217,14100000260
251218,14100000261
251219,14100000262
251220,14100000263
251221,14100000264
251222,14100000265
251223,14100000266
251224,14100000267
251225,14100000268
251226,14100000269
251227,14100000270
251228,14100000271
251229,14100000272
251230,14100000273
251233,14100000274
251232,14100000275
251231,14100000276
251234,14100000277
251235,14100000278
251236,14100000279
251237,14100000280
251238,14100000281
251239,14100000282
251240,14100000283
251243,14100000284
251241,14100000285
251242,14100000286
251244,14100000287
251246,14100000288
251245,14100000289
251247,14100000290
251248,14100000291
251249,14100000292
251250,14100000293
251251,14100000294
251252,14100000295
251253,14100000296
251254,14100000297
251255,14100000298
251256,14100000299
251257,14100000300
251258,14100000301
251259,14100000302
251260,14100000303
251261,14100000304
251262,14100000305
251264,14100000306
251263,14100000307
251265,14100000308
251266,14100000309
251268,14100000310
251267,14100000311
251269,14100000312
251270,14100000313
251272,14100000314
251271,14100000315
251273,14100000316
251274,14100000317
251275,14100000318
251276,14100000319
251277,14100000320
251278,14100000321
251279,14100000322
251280,14100000323
251282,14100000324
251281,14100000325
251284,14100000326
251283,14100000327
251285,14100000328
251286,14100000329
251288,14100000330
251287,14100000331
251289,14100000332
251290,14100000333
251291,14100000334
251292,14100000335
251294,14100000336
251293,14100000337
251295,14100000338
251296,14100000339
251297,14100000340
251298,14100000341
251299,14100000342
251300,14100000343
251301,14100000344
251302,14100000345
251303,14100000346
251304,14100000347
251305,14100000348
251306,14100000349
251307,14100000350
251308,14100000351
251309,14100000352
251310,14100000353
251311,14100000354
251312,14100000355
251314,14100000356
251313,14100000357
251315,14100000358
251317,14100000359
251316,14100000360
251318,14100000361
251319,14100000362
251320,14100000363
251321,14100000364
251322,14100000365
251323,14100000366
251324,14100000367
251325,14100000368
251326,14100000369
251327,14100000370
251328,14100000371
251329,14100000372
251330,14100000373
251331,14100000374
251332,14100000375
251334,14100000376
251333,14100000377
251335,14100000378
251336,14100000379
251337,14100000380
251338,14100000381
251339,14100000382
251340,14100000383
251341,14100000384
251342,14100000385
251343,14100000386
251344,14100000387
251345,14100000388
251346,14100000389
251347,14100000390
251348,14100000391
251349,14100000392
251350,14100000393
251351,14100000394
251352,14100000395
251353,14100000396
251354,14100000397
251355,14100000398
251356,14100000399
251357,14100000400
251358,14100000401
251359,14100000402
251360,14100000403
251361,14100000404
251362,14100000405
251363,14100000406
251364,14100000407
251365,14100000408
251366,14100000409
251367,14100000410
251368,14100000411
251369,14100000412
251370,14100000413
251371,14100000414
251372,14100000415
251374,14100000416
251373,14100000417
251375,14100000418
251376,14100000419
251377,14100000420
251378,14100000421
251379,14100000422
251380,14100000423
251381,14100000424
251382,14100000425
251383,14100000426
251384,14100000427
251385,14100000428
251386,14100000429
251387,14100000430
251389,14100000431
251388,14100000432
251390,14100000433
251391,14100000434
251392,14100000435
251393,14100000436
251394,14100000437
251395,14100000438
251396,14100000439
251398,14100000440
251397,14100000441
251399,14100000442
251400,14100000443
251401,14100000444
251402,14100000445
251403,14100000446
251404,14100000447
251405,14100000448
251406,14100000449
251407,14100000450
251408,14100000451
251409,14100000452
251410,14100000453
251411,14100000454
251412,14100000455
251413,14100000456
251414,14100000457
251415,14100000458
251416,14100000459
251417,14100000460
251418,14100000461
251419,14100000462
251420,14100000463
251421,14100000464
251422,14100000465
251423,14100000466
251424,14100000467
251425,14100000468
251426,14100000469
251427,14100000470
251428,14100000471
251429,14100000472
251430,14100000473
251431,14100000474
251432,14100000475
251433,14100000476
251434,14100000477
251435,14100000478
251436,14100000479
251437,14100000480
251438,14100000481
251439,14100000482
251440,14100000483
251441,14100000484
251442,14100000485
251443,14100000486
251445,14100000487
251446,14100000488
251447,14100000489
251448,14100000490
251449,14100000491
251450,14100000492
251451,14100000493
251452,14100000494
251453,14100000495
251454,14100000496
251455,14100000497
251456,14100000498
251457,14100000499
251458,14100000500
251459,14100000501
251460,14100000502
251461,14100000503
251462,14100000504
251463,14100000505
251464,14100000506
251465,14100000507
251466,14100000508
251467,14100000509
251468,14100000510
251469,14100000511
251470,14100000512
251471,14100000513
251472,14100000514
251473,14100000515
251474,14100000516
251475,14100000517
251477,14100000518
251476,14100000519
251478,14100000520
251479,14100000521
251480,14100000522
251481,14100000523
251482,14100000524
251483,14100000525
251484,14100000526
251485,14100000527
251486,14100000528
251488,14100000529
251487,14100000530
251489,14100000531
251490,14100000532
251491,14100000533
251493,14100000534
251492,14100000535
251494,14100000536
251495,14100000537
251496,14100000538
251497,14100000539
251498,14100000540
251499,14100000541
251501,14100000542
251500,14100000543
251502,14100000544
251503,14100000545
251504,14100000546
251505,14100000547
251506,14100000548
251507,14100000549
251508,14100000550
251509,14100000551
251510,14100000552
251511,14100000553
251512,14100000554
251513,14100000555
251514,14100000556
251515,14100000557
251516,14100000558
251517,14100000559
251518,14100000560
251519,14100000561
251520,14100000562
251521,14100000563
251523,14100000564
251522,14100000565
251524,14100000566
251525,14100000567
251526,14100000568
251527,14100000569
251528,14100000570
251530,14100000571
251529,14100000572
251531,14100000573
251532,14100000574
251533,14100000575
251534,14100000576
251535,14100000577
251536,14100000578
251537,14100000579
251538,14100000580
251539,14100000581
251541,14100000582
251540,14100000583
251542,14100000584
251543,14100000585
251544,14100000586
251545,14100000587
251546,14100000588
251547,14100000589
251548,14100000590
251549,14100000591
251550,14100000592
251551,14100000593
251552,14100000594
251554,14100000595
251553,14100000596
251555,14100000597
251556,14100000598
251557,14100000599
251558,14100000600
251559,14100000601
251560,14100000602
251561,14100000603
251562,14100000604
251565,14100000605
251564,14100000606
251563,14100000607
251566,14100000608
251567,14100000609
251568,14100000610
251569,14100000611
251570,14100000612
251571,14100000613
251572,14100000614
251573,14100000615
251575,14100000616
251574,14100000617
251576,14100000618
251577,14100000619
251578,14100000620
251579,14100000621
251580,14100000622
251581,14100000623
251582,14100000624
251583,14100000625
251584,14100000626
251585,14100000627
251586,14100000628
251587,14100000629
251588,14100000630
251589,14100000631
251590,14100000632
251591,14100000633
251592,14100000634
251593,14100000635
251594,14100000636
251595,14100000637
251596,14100000638
251597,14100000639
251598,14100000640
251599,14100000641
251600,14100000642
251601,14100000643
251603,14100000644
251602,14100000645
251607,14100000646
251604,14100000647
251605,14100000648
251606,14100000649
251608,14100000650
251610,14100000651
251609,14100000652
251611,14100000653
251613,14100000654
251612,14100000655
251614,14100000656
251618,14100000657
251616,14100000658
251617,14100000659
251615,14100000660
251619,14100000661
251620,14100000662
251621,14100000663
251622,14100000664
251623,14100000665
251624,14100000666
251627,14100000667
251625,14100000668
251628,14100000669
251626,14100000670
251629,14100000671
251630,14100000672
251631,14100000673
251633,14100000674
251632,14100000675
251634,14100000676
251637,14100000677
251635,14100000678
251636,14100000679
251638,14100000680
251641,14100000681
251639,14100000682
251640,14100000683
251642,14100000684
251644,14100000685
251643,14100000686
251645,14100000687
251646,14100000688
251647,14100000689
251648,14100000690
251649,14100000691
251650,14100000692
251651,14100000693
251654,14100000694
251653,14100000695
251652,14100000696
251656,14100000697
251655,14100000698
251657,14100000699
251658,14100000700
251659,14100000701
251660,14100000702
251661,14100000703
251664,14100000704
251662,14100000705
251663,14100000706
251665,14100000707
251666,14100000708
251668,14100000709
251667,14100000710
251669,14100000711
251671,14100000712
251670,14100000713
251673,14100000714
251672,14100000715
251674,14100000716
251675,14100000717
251676,14100000718
251677,14100000719
251678,14100000720
251679,14100000721
251680,14100000722
251681,14100000723
251682,14100000724
251683,14100000725
251684,14100000726
251685,14100000727
251686,14100000728
251687,14100000729
251688,14100000730
251689,14100000731
251690,14100000732
251691,14100000733
251692,14100000734
251693,14100000735
251694,14100000736
251695,14100000737
251696,14100000738
251697,14100000739
251698,14100000740
251699,14100000741
251700,14100000742
251701,14100000743
251702,14100000744
251703,14100000745
251704,14100000746
251705,14100000747
251706,14100000748
251708,14100000749
251707,14100000750
251709,14100000751
251710,14100000752
251711,14100000753
251712,14100000754
251713,14100000755
251714,14100000756
251715,14100000757
251716,14100000758
251718,14100000759
251717,14100000760
251720,14100000761
251719,14100000762
251721,14100000763
251722,14100000764
251723,14100000765
251724,14100000766
251725,14100000767
251729,14100000768
251726,14100000769
251727,14100000770
251728,14100000771
251730,14100000772
251731,14100000773
251732,14100000774
251733,14100000775
251734,14100000776
251735,14100000777
251736,14100000778
251737,14100000779
251738,14100000780
251739,14100000781
251740,14100000782
251741,14100000783
251742,14100000784
251743,14100000785
251744,14100000786
251745,14100000787
251746,14100000788
251747,14100000789
251748,14100000790
251749,14100000791
251750,14100000792
251751,14100000793
251752,14100000794
251753,14100000795
251754,14100000796
251755,14100000797
251756,14100000798
251757,14100000799
251758,14100000800
251759,14100000801
251760,14100000802
251761,14100000803
251762,14100000804
251764,14100000805
251763,14100000806
251765,14100000807
251766,14100000808
251767,14100000809
251768,14100000810
251769,14100000811
251770,14100000812
251772,14100000813
251771,14100000814
251773,14100000815
251774,14100000816
251775,14100000817
251776,14100000818
251777,14100000819
251778,14100000820
251779,14100000821
251780,14100000822
251782,14100000823
251781,14100000824
251783,14100000825
251784,14100000826
251785,14100000827
251786,14100000828
251787,14100000829
251788,14100000830
251789,14100000831
251790,14100000832
251792,14100000833
251791,14100000834
251793,14100000835
251795,14100000836
251798,14100000837
251797,14100000838
251796,14100000839
251794,14100000840
251799,14100000841
251800,14100000842
251801,14100000843
251802,14100000844
251803,14100000845
251804,14100000846
251805,14100000847
251806,14100000848
251809,14100000849
251807,14100000850
251808,14100000851
251810,14100000852
251811,14100000853
251812,14100000854
251813,14100000855
251814,14100000856
251816,14100000857
251815,14100000858
251817,14100000859
251819,14100000860
251818,14100000861
251820,14100000862
251821,14100000863
251823,14100000864
251822,14100000865
251824,14100000866
251825,14100000867
251830,14100000868
251829,14100000869
251826,14100000870
251827,14100000871
251828,14100000872
251831,14100000873
251832,14100000874
251834,14100000875
251833,14100000876
251835,14100000877
251837,14100000878
251836,14100000879
251838,14100000880
251840,14100000881
251839,14100000882
251841,14100000883
251842,14100000884
251844,14100000885
251843,14100000886
251845,14100000887
251846,14100000888
251848,14100000889
251847,14100000890
251849,14100000891
251850,14100000892
251851,14100000893
251852,14100000894
251853,14100000895
251854,14100000896
251855,14100000897
251856,14100000898
251857,14100000899
251858,14100000900
251859,14100000901
251860,14100000902
251861,14100000903
251862,14100000904
251863,14100000905
251864,14100000906
251865,14100000907
251866,14100000908
251868,14100000909
251867,14100000910
251869,14100000911
251870,14100000912
251871,14100000913
251872,14100000914
251873,14100000915
251874,14100000916
251875,14100000917
251876,14100000918
251877,14100000919
251878,14100000920
251879,14100000921
251881,14100000922
251880,14100000923
251882,14100000924
251883,14100000925
251885,14100000926
251884,14100000927
251886,14100000928
251887,14100000929
251888,14100000930
251889,14100000931
251891,14100000932
251890,14100000933
251892,14100000934
251893,14100000935
251894,14100000936
251895,14100000937
251896,14100000938
251897,14100000939
251898,14100000940
251900,14100000941
251899,14100000942
251901,14100000943
251902,14100000944
251903,14100000945
251904,14100000946
251905,14100000947
251906,14100000948
251907,14100000949
251908,14100000950
251909,14100000951
251912,14100000952
251910,14100000953
251911,14100000954
251913,14100000955
251914,14100000956
251915,14100000957
251916,14100000958
251917,14100000959
251918,14100000960
251919,14100000961
251920,14100000962
251921,14100000963
251922,14100000964
251923,14100000965
251924,14100000966
251925,14100000967
251926,14100000968
251927,14100000969
251928,14100000970
251929,14100000971
251930,14100000972
251931,14100000973
251932,14100000974
251933,14100000975
251934,14100000976
251936,14100000977
251935,14100000978
251937,14100000979
251938,14100000980
251940,14100000981
251939,14100000982
251941,14100000983
251942,14100000984
251943,14100000985
251944,14100000986
251945,14100000987
251946,14100000988
251947,14100000989
251948,14100000990
251949,14100000991
251950,14100000992
251951,14100000993
251952,14100000994
251953,14100000995
251954,14100000996
251955,14100000997
251956,14100000998
251957,14100000999
251958,14100001000
251959,14100001001
251960,14100001002
251961,14100001003
251962,14100001004
251963,14100001005
251964,14100001006
251965,14100001007
251966,14100001008
251967,14100001009
251968,14100001010
251969,14100001011
251970,14100001012
251971,14100001013
251972,14100001014
251973,14100001015
251974,14100001016
251975,14100001017
251976,14100001018
251977,14100001019
251978,14100001020
251979,14100001021
251980,14100001022
251981,14100001023
251982,14100001024
251983,14100001025
251984,14100001026
251985,14100001027
251986,14100001028
251987,14100001029
251988,14100001030
251989,14100001031
251991,14100001032
251990,14100001033
251992,14100001034
251993,14100001035
251994,14100001036
251995,14100001037
251997,14100001038
251996,14100001039
251998,14100001040
251999,14100001041
252000,14100001042
252001,14100001043
252004,14100001044
252003,14100001045
252002,14100001046
252005,14100001047
252006,14100001048
252007,14100001049
252008,14100001050
252009,14100001051
252010,14100001052
252011,14100001053
252012,14100001054
252013,14100001055
252014,14100001056
252015,14100001057
252016,14100001058
252017,14100001059
252018,14100001060
252019,14100001061
252020,14100001062
252021,14100001063
252022,14100001064
252024,14100001065
252023,14100001066
252025,14100001067
252026,14100001068
252027,14100001069
252028,14100001070
252029,14100001071
252030,14100001072
252032,14100001073
252031,14100001074
252033,14100001075
252034,14100001076
252035,14100001077
252037,14100001078
252036,14100001079
252038,14100001080
252039,14100001081
252040,14100001082
252042,14100001083
252041,14100001084
252043,14100001085
252044,14100001086
252045,14100001087
252047,14100001088
252046,14100001089
252048,14100001090
252049,14100001091
252050,14100001092
252053,14100001093
252054,14100001094
252051,14100001095
252052,14100001096
252058,14100001097
252057,14100001098
252055,14100001099
252060,14100001100
252056,14100001101
252059,14100001102
252062,14100001103
252061,14100001104
252063,14100001105
252064,14100001106
252065,14100001107
252066,14100001108
252067,14100001109
252069,14100001110
252070,14100001111
252068,14100001112
252071,14100001113
252072,14100001114
252073,14100001115
252074,14100001116
252075,14100001117
252076,14100001118
252077,14100001119
252082,14100001120
252079,14100001121
252080,14100001122
252078,14100001123
252081,14100001124
252083,14100001125
252084,14100001126
252085,14100001127
252086,14100001128
252087,14100001129
252088,14100001130
252091,14100001131
252090,14100001132
252089,14100001133
252092,14100001134
252093,14100001135
252094,14100001136
252095,14100001137
252096,14100001138
252097,14100001139
252098,14100001140
252099,14100001141
252101,14100001142
252100,14100001143
252102,14100001144
252103,14100001145
252104,14100001146
252105,14100001147
252106,14100001148
252107,14100001149
252108,14100001150
252109,14100001151
252110,14100001152
252112,14100001153
252111,14100001154
252113,14100001155
252114,14100001156
252115,14100001157
252116,14100001158
252117,14100001159
252118,14100001160
252119,14100001161
252120,14100001162
252121,14100001163
252122,14100001164
252123,14100001165
252124,14100001166
252125,14100001167
252126,14100001168
252127,14100001169
252128,14100001170
252129,14100001171
252130,14100001172
252131,14100001173
252133,14100001174
252132,14100001175
252134,14100001176
252135,14100001177
252136,14100001178
252137,14100001179
252138,14100001180
252139,14100001181
252140,14100001182
252141,14100001183
252142,14100001184
252143,14100001185
252144,14100001186
252145,14100001187
252146,14100001188
252147,14100001189
252148,14100001190
252149,14100001191
252150,14100001192
252151,14100001193
252152,14100001194
252153,14100001195
252154,14100001196
252155,14100001197
252156,14100001198
252157,14100001199
252158,14100001200
252159,14100001201
252160,14100001202
252161,14100001203
252162,14100001204
252163,14100001205
252164,14100001206
252166,14100001207
252167,14100001208
252168,14100001209
252169,14100001210
252170,14100001211
252171,14100001212
252172,14100001213
252173,14100001214
252175,14100001215
252174,14100001216
252176,14100001217
252177,14100001218
252178,14100001219
252179,14100001220
252180,14100001221
252181,14100001222
252182,14100001223
252183,14100001224
252184,14100001225
252185,14100001226
252186,14100001227
252187,14100001228
252188,14100001229
252189,14100001230
252190,14100001231
252191,14100001232
252192,14100001233
252193,14100001234
252194,14100001235
252195,14100001236
252196,14100001237
252197,14100001238
252198,14100001239
252199,14100001240
252200,14100001241
252201,14100001242
252202,14100001243
252203,14100001244
252204,14100001245
252205,14100001246
252206,14100001247
252207,14100001248
252208,14100001249
252209,14100001250
252210,14100001251
252211,14100001252
252212,14100001253
252213,14100001254
252214,14100001255
252215,14100001256
252216,14100001257
252218,14100001258
252217,14100001259
252219,14100001260
252220,14100001261
252221,14100001262
252222,14100001263
252223,14100001264
252224,14100001265
252225,14100001266
252226,14100001267
252227,14100001268
252228,14100001269
252229,14100001270
252230,14100001271
252232,14100001272
252233,14100001273
252234,14100001274
252235,14100001275
252236,14100001276
252237,14100001277
252239,14100001278
252240,14100001279
252241,14100001280
252243,14100001281
252242,14100001282
252244,14100001283
252245,14100001284
252246,14100001285
252247,14100001286
252248,14100001287
252249,14100001288
252250,14100001289
252251,14100001290
252253,14100001291
252254,14100001292
252252,14100001293
252255,14100001294
252256,14100001295
252257,14100001296
252258,14100001297
252259,14100001298
252260,14100001299
252261,14100001300
252262,14100001301
252263,14100001302
252264,14100001303
252265,14100001304
252266,14100001305
252267,14100001306
252268,14100001307
252269,14100001308
252271,14100001309
252270,14100001310
252272,14100001311
252273,14100001312
252274,14100001313
252275,14100001314
252277,14100001315
252276,14100001316
252278,14100001317
252279,14100001318
252280,14100001319
252281,14100001320
252282,14100001321
252283,14100001322
252284,14100001323
252285,14100001324
252286,14100001325
252287,14100001326
252288,14100001327
252290,14100001328
252291,14100001329
252292,14100001330
252293,14100001331
252294,14100001332
252295,14100001333
252296,14100001334
252297,14100001335
252298,14100001336
252299,14100001337
252300,14100001338
252301,14100001339
252302,14100001340
252303,14100001341
252304,14100001342
252305,14100001343
252306,14100001344
252307,14100001345
252308,14100001346
252309,14100001347
252310,14100001348
252311,14100001349
252312,14100001350
252313,14100001351
252314,14100001352
252315,14100001353
252316,14100001354
252317,14100001355
252318,14100001356
252319,14100001357
252320,14100001358
252321,14100001359
252322,14100001360
252323,14100001361
252324,14100001362
252325,14100001363
252326,14100001364
252327,14100001365
252328,14100001366
252329,14100001367
252330,14100001368
252331,14100001369
252332,14100001370
252333,14100001371
252334,14100001372
252335,14100001373
252336,14100001374
252339,14100001375
252338,14100001376
252337,14100001377
252340,14100001378
252341,14100001379
252342,14100001380
252343,14100001381
252344,14100001382
252345,14100001383
252346,14100001384
252347,14100001385
252348,14100001386
252349,14100001387
252350,14100001388
252351,14100001389
252352,14100001390
252353,14100001391
252354,14100001392
252355,14100001393
252356,14100001394
252357,14100001395
252359,14100001396
252358,14100001397
252360,14100001398
252361,14100001399
252362,14100001400
252363,14100001401
252364,14100001402
252365,14100001403
252366,14100001404
252367,14100001405
252368,14100001406
252369,14100001407
252370,14100001408
252371,14100001409
252372,14100001410
252373,14100001411
252374,14100001412
252375,14100001413
252376,14100001414
252377,14100001415
252378,14100001416
252379,14100001417
252380,14100001418
252381,14100001419
252382,14100001420
252383,14100001421
252385,14100001422
252384,14100001423
252386,14100001424
252387,14100001425
252388,14100001426
252389,14100001427
252390,14100001428
252391,14100001429
252392,14100001430
252393,14100001431
252394,14100001432
252395,14100001433
252396,14100001434
252397,14100001435
252398,14100001436
252399,14100001437
252400,14100001438
252401,14100001439
252402,14100001440
252406,14100001441
252403,14100001442
252404,14100001443
252405,14100001444
252407,14100001445
252408,14100001446
252409,14100001447
252410,14100001448
252411,14100001449
252412,14100001450
252413,14100001451
252414,14100001452
252415,14100001453
252416,14100001454
252417,14100001455
252418,14100001456
252420,14100001457
252419,14100001458
252421,14100001459
252422,14100001460
252423,14100001461
252424,14100001462
252425,14100001463
252426,14100001464
252427,14100001465
252428,14100001466
252429,14100001467
252430,14100001468
252431,14100001469
252432,14100001470
252433,14100001471
252434,14100001472
252435,14100001473
252437,14100001474
252436,14100001475
252438,14100001476
252439,14100001477
252440,14100001478
252441,14100001479
252442,14100001480
252443,14100001481
252444,14100001482
252445,14100001483
252447,14100001484
252448,14100001485
252446,14100001486
252449,14100001487
252450,14100001488
252451,14100001489
252452,14100001490
252453,14100001491
252454,14100001492
252455,14100001493
252456,14100001494
252457,14100001495
252458,14100001496
252459,14100001497
252460,14100001498
252461,14100001499
252462,14100001500
252463,14100001501
252464,14100001502
252465,14100001503
252466,14100001504
252467,14100001505
252469,14100001506
252470,14100001507
252471,14100001508
252472,14100001509
252473,14100001510
252474,14100001511
252475,14100001512
252476,14100001513
252477,14100001514
252478,14100001515
252479,14100001516
252480,14100001517
252481,14100001518
252482,14100001519
252483,14100001520
252484,14100001521
252485,14100001522
252486,14100001523
252487,14100001524
252488,14100001525
252489,14100001526
252490,14100001527
252491,14100001528
252493,14100001529
252492,14100001530
252494,14100001531
252495,14100001532
252496,14100001533
252497,14100001534
252498,14100001535
252499,14100001536
252500,14100001537
252501,14100001538
252502,14100001539
252503,14100001540
252504,14100001541
252505,14100001542
252506,14100001543
252507,14100001544
252508,14100001545
252509,14100001546
252510,14100001547
252511,14100001548
252512,14100001549
252513,14100001550
252514,14100001551
252515,14100001552
252516,14100001553
252517,14100001554
252519,14100001555
252518,14100001556
252520,14100001557
252521,14100001558
252522,14100001559
252523,14100001560
252524,14100001561
252525,14100001562
252526,14100001563
252527,14100001564
252529,14100001565
252528,14100001566
252530,14100001567
252531,14100001568
252532,14100001569
252533,14100001570
252535,14100001571
252534,14100001572
252536,14100001573
252537,14100001574
252538,14100001575
252539,14100001576
252540,14100001577
252541,14100001578
252542,14100001579
252543,14100001580
252544,14100001581
252545,14100001582
252546,14100001583
252547,14100001584
252548,14100001585
252549,14100001586
252550,14100001587
252551,14100001588
252552,14100001589
252553,14100001590
252555,14100001591
252554,14100001592
252556,14100001593
252557,14100001594
252558,14100001595
252559,14100001596
252560,14100001597
252561,14100001598
252562,14100001599
252563,14100001600
252565,14100001601
252564,14100001602
252566,14100001603
252567,14100001604
252568,14100001605
252569,14100001606
252570,14100001607
252571,14100001608
252572,14100001609
252573,14100001610
252574,14100001611
252575,14100001612
252576,14100001613
252577,14100001614
252578,14100001615
252579,14100001616
252580,14100001617
252581,14100001618
252582,14100001619
252583,14100001620
252584,14100001621
252585,14100001622
252586,14100001623
252587,14100001624
252588,14100001625
252590,14100001626
252589,14100001627
252591,14100001628
252592,14100001629
252593,14100001630
252594,14100001631
252595,14100001632
252596,14100001633
252597,14100001634
252598,14100001635
252599,14100001636
252600,14100001637
252601,14100001638
252602,14100001639
252603,14100001640
252604,14100001641
252605,14100001642
252606,14100001643
252607,14100001644
252608,14100001645
252609,14100001646
252610,14100001647
252611,14100001648
252612,14100001649
252613,14100001650
252614,14100001651
252615,14100001652
252616,14100001653
252617,14100001654
252618,14100001655
252619,14100001656
252620,14100001657
252621,14100001658
252622,14100001659
252623,14100001660
252624,14100001661
252625,14100001662
252626,14100001663
252627,14100001664
252628,14100001665
252629,14100001666
252631,14100001667
252630,14100001668
252632,14100001669
252633,14100001670
252634,14100001671
252635,14100001672
252636,14100001673
252637,14100001674
252638,14100001675
252639,14100001676
252640,14100001677
252641,14100001678
252642,14100001679
252643,14100001680
252644,14100001681
252645,14100001682
252646,14100001683
252647,14100001684
252648,14100001685
252649,14100001686
252650,14100001687
252651,14100001688
252652,14100001689
252653,14100001690
252654,14100001691
252655,14100001692
252656,14100001693
252657,14100001694
252658,14100001695
252659,14100001696
252660,14100001697
252661,14100001698
252662,14100001699
252663,14100001700
252664,14100001701
252665,14100001702
252666,14100001703
252667,14100001704
252668,14100001705
252670,14100001706
252671,14100001707
252672,14100001708
252673,14100001709
252674,14100001710
252675,14100001711
252676,14100001712
252677,14100001713
252678,14100001714
252679,14100001715
252680,14100001716
252681,14100001717
252683,14100001718
252682,14100001719
252684,14100001720
252685,14100001721
252686,14100001722
252687,14100001723
252688,14100001724
252689,14100001725
252690,14100001726
252691,14100001727
252692,14100001728
252693,14100001729
252694,14100001730
252695,14100001731
252696,14100001732
252697,14100001733
252698,14100001734
252699,14100001735
252700,14100001736
252701,14100001737
252702,14100001738
252703,14100001739
252704,14100001740
252705,14100001741
252706,14100001742
252707,14100001743
252708,14100001744
252709,14100001745
252710,14100001746
252711,14100001747
252712,14100001748
252713,14100001749
252714,14100001750
252715,14100001751
252717,14100001752
252716,14100001753
252718,14100001754
252719,14100001755
252720,14100001756
252721,14100001757
252722,14100001758
252723,14100001759
252724,14100001760
252726,14100001761
252727,14100001762
252728,14100001763
252729,14100001764
252730,14100001765
252731,14100001766
252732,14100001767
252733,14100001768
252734,14100001769
252735,14100001770
252736,14100001771
252737,14100001772
252738,14100001773
252739,14100001774
252740,14100001775
252741,14100001776
252742,14100001777
252743,14100001778
252744,14100001779
252745,14100001780
252746,14100001781
252748,14100001782
252750,14100001783
252747,14100001784
252749,14100001785
252751,14100001786
252752,14100001787
252753,14100001788
252754,14100001789
252755,14100001790
252756,14100001791
252757,14100001792
252758,14100001793
252760,14100001794
252761,14100001795
252759,14100001796
252762,14100001797
252763,14100001798
252764,14100001799
252765,14100001800
252766,14100001801
252767,14100001802
252768,14100001803
252769,14100001804
252772,14100001805
252770,14100001806
252771,14100001807
252773,14100001808
252774,14100001809
252775,14100001810
252776,14100001811
252777,14100001812
252778,14100001813
252779,14100001814
252780,14100001815
252781,14100001816
252783,14100001817
252782,14100001818
252784,14100001819
252785,14100001820
252786,14100001821
252787,14100001822
252788,14100001823
252789,14100001824
252790,14100001825
252791,14100001826
252792,14100001827
252793,14100001828
252794,14100001829
252795,14100001830
252796,14100001831
252797,14100001832
252798,14100001833
252799,14100001834
252800,14100001835
252801,14100001836
252802,14100001837
252804,14100001838
252803,14100001839
252805,14100001840
252806,14100001841
252807,14100001842
252808,14100001843
252809,14100001844
252810,14100001845
252812,14100001846
252811,14100001847
252813,14100001848
252814,14100001849
252815,14100001850
252816,14100001851
252817,14100001852
252818,14100001853
252819,14100001854
252820,14100001855
252821,14100001856
252822,14100001857
252824,14100001858
252823,14100001859
252825,14100001860
252826,14100001861
252827,14100001862
252828,14100001863
252829,14100001864
252830,14100001865
252831,14100001866
252832,14100001867
252833,14100001868
252834,14100001869
252835,14100001870
252836,14100001871
252837,14100001872
252838,14100001873
252839,14100001874
252840,14100001875
252841,14100001876
252842,14100001877
252843,14100001878
252844,14100001879
252845,14100001880
252846,14100001881
252847,14100001882
252848,14100001883
252849,14100001884
252850,14100001885
252851,14100001886
252852,14100001887
252854,14100001888
252853,14100001889
252855,14100001890
252856,14100001891
252857,14100001892
252858,14100001893
252859,14100001894
252860,14100001895
252861,14100001896
252862,14100001897
252863,14100001898
252864,14100001899
252865,14100001900
252866,14100001901
252867,14100001902
252868,14100001903
252869,14100001904
252870,14100001905
252871,14100001906
252872,14100001907
252873,14100001908
252874,14100001909
252875,14100001910
252876,14100001911
252877,14100001912
252878,14100001913
252879,14100001914
252880,14100001915
252881,14100001916
252882,14100001917
252883,14100001918
252884,14100001919
252885,14100001920
252886,14100001921
252887,14100001922
252888,14100001923
252889,14100001924
252890,14100001925
252891,14100001926
252892,14100001927
252893,14100001928
252895,14100001929
252894,14100001930
252897,14100001931
252896,14100001932
252898,14100001933
252899,14100001934
252900,14100001935
252901,14100001936
252902,14100001937
252903,14100001938
252904,14100001939
252905,14100001940
252906,14100001941
252907,14100001942
252908,14100001943
252909,14100001944
252910,14100001945
252911,14100001946
252912,14100001947
252913,14100001948
252915,14100001949
252914,14100001950
252917,14100001951
252916,14100001952
252918,14100001953
252919,14100001954
252920,14100001955
252921,14100001956
252922,14100001957
252923,14100001958
252924,14100001959
252925,14100001960
252926,14100001961
252927,14100001962
252928,14100001963
252929,14100001964
252930,14100001965
252931,14100001966
252932,14100001967
252933,14100001968
252934,14100001969
252935,14100001970
252936,14100001971
252937,14100001972
252938,14100001973
252939,14100001974
252940,14100001975
252941,14100001976
252942,14100001977
252943,14100001978
252944,14100001979
252945,14100001980
252946,14100001981
252947,14100001982
252948,14100001983
252949,14100001984
252951,14100001985
252950,14100001986
252952,14100001987
252953,14100001988
252954,14100001989
252955,14100001990
252956,14100001991
252957,14100001992
252958,14100001993
252959,14100001994
252960,14100001995
252961,14100001996
252962,14100001997
252963,14100001998
252964,14100001999
252965,14100002000
252966,14100002001
252967,14100002002
252968,14100002003
252969,14100002004
252970,14100002005
252971,14100002006
252973,14100002007
252972,14100002008
252974,14100002009
252975,14100002010
252976,14100002011
252977,14100002012
252978,14100002013
252979,14100002014
252980,14100002015
252981,14100002016
252982,14100002017
252983,14100002018
252984,14100002019
252986,14100002020
252985,14100002021
252987,14100002022
252988,14100002023
252989,14100002024
252990,14100002025
252993,14100002026
252991,14100002027
252992,14100002028
252994,14100002029
252995,14100002030
252996,14100002031
252997,14100002032
252998,14100002033
252999,14100002034
253000,14100002035
253001,14100002036
253002,14100002037
253003,14100002038
253004,14100002039
253005,14100002040
253006,14100002041
253007,14100002042
253008,14100002043
253009,14100002044
253010,14100002045
253011,14100002046
253012,14100002047
253013,14100002048
253014,14100002049
253015,14100002050
253016,14100002051
253017,14100002052
253018,14100002053
253019,14100002054
253020,14100002055
253021,14100002056
253022,14100002057
253023,14100002058
253024,14100002059
253025,14100002060
253026,14100002061
253027,14100002062
253028,14100002063
253029,14100002064
253030,14100002065
253031,14100002066
253032,14100002067
253033,14100002068
253034,14100002069
253036,14100002070
253035,14100002071
253037,14100002072
253038,14100002073
253039,14100002074
253040,14100002075
253041,14100002076
253042,14100002077
253043,14100002078
253044,14100002079
253045,14100002080
253046,14100002081
253047,14100002082
253048,14100002083
253049,14100002084
253050,14100002085
253051,14100002086
253052,14100002087
253053,14100002088
253054,14100002089
253055,14100002090
253056,14100002091
253057,14100002092
253058,14100002093
253060,14100002094
253059,14100002095
253061,14100002096
253062,14100002097
253063,14100002098
253064,14100002099
253066,14100002100
253067,14100002101
253065,14100002102
253068,14100002103
253069,14100002104
253070,14100002105
253072,14100002106
253071,14100002107
253073,14100002108
253074,14100002109
253075,14100002110
253077,14100002111
253076,14100002112
253078,14100002113
253079,14100002114
253080,14100002115
253081,14100002116
253082,14100002117
253083,14100002118
253084,14100002119
253085,14100002120
253087,14100002121
253086,14100002122
253088,14100002123
253089,14100002124
253090,14100002125
253091,14100002126
253092,14100002127
253093,14100002128
253094,14100002129
253095,14100002130
253096,14100002131
253097,14100002132
253098,14100002133
253099,14100002134
253100,14100002135
253102,14100002136
253101,14100002137
253103,14100002138
253104,14100002139
253105,14100002140
253106,14100002141
253107,14100002142
253108,14100002143
253109,14100002144
253110,14100002145
253111,14100002146
253112,14100002147
253113,14100002148
253114,14100002149
253115,14100002150
253116,14100002151
253117,14100002152
253118,14100002153
253119,14100002154
253120,14100002155
253121,14100002156
253124,14100002157
253123,14100002158
253122,14100002159
253125,14100002160
253126,14100002161
253127,14100002162
253128,14100002163
253129,14100002164
253130,14100002165
253131,14100002166
253132,14100002167
253133,14100002168
253134,14100002169
253135,14100002170
253136,14100002171
253137,14100002172
253138,14100002173
253140,14100002174
253139,14100002175
253141,14100002176
253142,14100002177
253143,14100002178
253144,14100002179
253145,14100002180
253146,14100002181
253147,14100002182
253148,14100002183
253149,14100002184
253150,14100002185
253151,14100002186
253153,14100002187
253152,14100002188
253154,14100002189
253155,14100002190
253156,14100002191
253157,14100002192
253158,14100002193
253159,14100002194
253160,14100002195
253161,14100002196
253162,14100002197
253163,14100002198
253165,14100002199
253164,14100002200
253167,14100002201
253166,14100002202
253168,14100002203
253170,14100002204
253169,14100002205
253171,14100002206
253172,14100002207
253173,14100002208
253174,14100002209
253175,14100002210
253176,14100002211
253178,14100002212
253180,14100002213
253181,14100002214
253177,14100002215
253179,14100002216
253182,14100002217
253183,14100002218
253184,14100002219
253185,14100002220
253186,14100002221
253187,14100002222
253188,14100002223
253189,14100002224
253190,14100002225
253192,14100002226
253191,14100002227
253193,14100002228
253194,14100002229
253195,14100002230
253196,14100002231
253197,14100002232
253198,14100002233
253199,14100002234
253200,14100002235
253201,14100002236
253202,14100002237
253203,14100002238
253204,14100002239
253205,14100002240
253206,14100002241
253207,14100002242
253208,14100002243
253209,14100002244
253210,14100002245
253211,14100002246
253212,14100002247
253213,14100002248
253214,14100002249
253215,14100002250
253216,14100002251
253217,14100002252
253218,14100002253
253219,14100002254
253220,14100002255
253221,14100002256
253222,14100002257
253223,14100002258
253224,14100002259
253225,14100002260
253226,14100002261
253227,14100002262
253228,14100002263
253229,14100002264
253231,14100002265
253230,14100002266
253232,14100002267
253233,14100002268
253234,14100002269
253235,14100002270
253237,14100002271
253236,14100002272
253238,14100002273
253239,14100002274
253240,14100002275
253241,14100002276
253243,14100002277
253242,14100002278
253244,14100002279
253245,14100002280
253246,14100002281
253247,14100002282
253248,14100002283
253249,14100002284
253250,14100002285
253251,14100002286
253252,14100002287
253253,14100002288
253254,14100002289
253255,14100002290
253256,14100002291
253257,14100002292
253258,14100002293
253259,14100002294
253262,14100002295
253260,14100002296
253263,14100002297
253264,14100002298
253265,14100002299
253266,14100002300
253267,14100002301
253268,14100002302
253269,14100002303
253270,14100002304
253271,14100002305
253272,14100002306
253273,14100002307
253275,14100002308
253274,14100002309
253276,14100002310
253277,14100002311
253278,14100002312
253279,14100002313
253280,14100002314
253281,14100002315
253282,14100002316
253283,14100002317
253285,14100002318
253284,14100002319
253286,14100002320
253287,14100002321
253288,14100002322
253289,14100002323
253290,14100002324
253291,14100002325
253292,14100002326
253293,14100002327
253294,14100002328
253295,14100002329
253296,14100002330
253297,14100002331
253298,14100002332
253299,14100002333
253300,14100002334
253301,14100002335
253302,14100002336
253304,14100002337
253303,14100002338
253305,14100002339
253306,14100002340
253307,14100002341
253308,14100002342
253310,14100002343
253309,14100002344
253311,14100002345
253312,14100002346
253313,14100002347
253314,14100002348
253315,14100002349
253316,14100002350
253317,14100002351
253320,14100002352
253318,14100002353
253319,14100002354
253321,14100002355
253322,14100002356
253323,14100002357
253324,14100002358
253326,14100002359
253325,14100002360
253327,14100002361
253328,14100002362
253329,14100002363
253330,14100002364
253331,14100002365
253332,14100002366
253333,14100002367
253334,14100002368
253335,14100002369
253336,14100002370
253337,14100002371
253338,14100002372
253339,14100002373
253340,14100002374
253341,14100002375
253342,14100002376
253343,14100002377
253344,14100002378
253345,14100002379
253346,14100002380
253347,14100002381
253348,14100002382
253349,14100002383
253350,14100002384
253351,14100002385
253352,14100002386
253353,14100002387
253354,14100002388
253355,14100002389
253356,14100002390
253357,14100002391
253358,14100002392
253359,14100002393
253360,14100002394
253361,14100002395
253362,14100002396
253363,14100002397
253364,14100002398
253365,14100002399
253366,14100002400
253367,14100002401
253368,14100002402
253369,14100002403
253370,14100002404
253371,14100002405
253372,14100002406
253373,14100002407
253374,14100002408
253375,14100002409
253376,14100002410
253377,14100002411
253378,14100002412
253380,14100002413
253379,14100002414
253381,14100002415
253382,14100002416
253383,14100002417
253385,14100002418
253384,14100002419
253386,14100002420
253387,14100002421
253388,14100002422
253389,14100002423
253391,14100002424
253390,14100002425
253392,14100002426
253393,14100002427
253394,14100002428
253395,14100002429
253396,14100002430
253397,14100002431
253398,14100002432
253399,14100002433
253400,14100002434
253401,14100002435
253402,14100002436
253403,14100002437
253404,14100002438
253405,14100002439
253406,14100002440
253407,14100002441
253408,14100002442
253409,14100002443
253410,14100002444
253412,14100002445
253411,14100002446
253413,14100002447
253414,14100002448
253416,14100002449
253415,14100002450
253417,14100002451
253418,14100002452
253419,14100002453
253420,14100002454
253421,14100002455
253422,14100002456
253423,14100002457
253424,14100002458
253425,14100002459
253426,14100002460
253427,14100002461
253428,14100002462
253429,14100002463
253432,14100002464
253431,14100002465
253430,14100002466
253433,14100002467
253434,14100002468
253435,14100002469
253436,14100002470
253437,14100002471
253438,14100002472
253439,14100002473
253440,14100002474
253441,14100002475
253442,14100002476
253443,14100002477
253444,14100002478
253446,14100002479
253445,14100002480
253447,14100002481
253448,14100002482
253449,14100002483
253450,14100002484
253451,14100002485
253452,14100002486
253453,14100002487
253454,14100002488
253455,14100002489
253457,14100002490
253456,14100002491
253458,14100002492
253459,14100002493
253460,14100002494
253461,14100002495
253462,14100002496
253463,14100002497
253464,14100002498
253465,14100002499
253466,14100002500
253468,14100002501
253467,14100002502
253469,14100002503
253470,14100002504
253471,14100002505
253472,14100002506
253473,14100002507
253474,14100002508
253475,14100002509
253476,14100002510
253477,14100002511
253479,14100002512
253478,14100002513
253480,14100002514
253481,14100002515
253482,14100002516
253483,14100002517
253484,14100002518
253485,14100002519
253486,14100002520
253487,14100002521
253488,14100002522
253489,14100002523
253490,14100002524
253492,14100002525
253491,14100002526
253493,14100002527
253494,14100002528
253495,14100002529
253496,14100002530
253497,14100002531
253498,14100002532
253499,14100002533
253500,14100002534
253503,14100002535
253501,14100002536
253502,14100002537
253504,14100002538
253505,14100002539
253506,14100002540
253507,14100002541
253508,14100002542
253509,14100002543
253510,14100002544
253511,14100002545
253512,14100002546
253513,14100002547
253515,14100002548
253514,14100002549
253516,14100002550
253517,14100002551
253518,14100002552
253519,14100002553
253520,14100002554
253521,14100002555
253522,14100002556
253523,14100002557
253524,14100002558
253526,14100002559
253525,14100002560
253527,14100002561
253529,14100002562
253528,14100002563
253530,14100002564
253531,14100002565
253532,14100002566
253533,14100002567
253534,14100002568
253535,14100002569
253536,14100002570
253537,14100002571
253538,14100002572
253539,14100002573
253540,14100002574
253541,14100002575
253542,14100002576
253543,14100002577
253544,14100002578
253545,14100002579
253546,14100002580
253547,14100002581
253548,14100002582
253549,14100002583
253550,14100002584
253551,14100002585
253552,14100002586
253553,14100002587
253554,14100002588
253556,14100002589
253555,14100002590
253557,14100002591
253558,14100002592
253559,14100002593
253560,14100002594
253561,14100002595
253562,14100002596
253563,14100002597
253564,14100002598
253565,14100002599
253566,14100002600
253567,14100002601
253568,14100002602
253569,14100002603
253570,14100002604
253571,14100002605
253572,14100002606
253573,14100002607
253574,14100002608
253575,14100002609
253576,14100002610
253577,14100002611
253578,14100002612
253579,14100002613
253580,14100002614
253581,14100002615
253582,14100002616
253583,14100002617
253584,14100002618
253585,14100002619
253587,14100002620
253586,14100002621
253588,14100002622
253589,14100002623
253590,14100002624
253591,14100002625
253592,14100002626
253593,14100002627
253594,14100002628
253595,14100002629
253596,14100002630
253597,14100002631
253598,14100002632
253599,14100002633
253600,14100002634
253603,14100002635
253604,14100002636
253605,14100002637
253606,14100002638
253607,14100002639
253608,14100002640
253609,14100002641
253610,14100002642
253611,14100002643
253612,14100002644
253613,14100002645
253614,14100002646
253615,14100002647
253616,14100002648
253617,14100002649
253618,14100002650
253619,14100002651
253620,14100002652
253621,14100002653
253622,14100002654
253623,14100002655
253624,14100002656
253626,14100002657
253625,14100002658
253627,14100002659
253628,14100002660
253629,14100002661
253630,14100002662
253631,14100002663
253632,14100002664
253633,14100002665
253634,14100002666
253635,14100002667
253637,14100002668
253636,14100002669
253638,14100002670
253639,14100002671
253640,14100002672
253641,14100002673
253642,14100002674
253643,14100002675
253644,14100002676
253645,14100002677
253646,14100002678
253647,14100002679
253648,14100002680
253649,14100002681
253650,14100002682
253651,14100002683
253652,14100002684
253653,14100002685
253654,14100002686
253655,14100002687
253656,14100002688
253657,14100002689
253658,14100002690
253659,14100002691
253660,14100002692
253662,14100002693
253661,14100002694
253663,14100002695
253664,14100002696
253665,14100002697
253666,14100002698
253667,14100002699
253668,14100002700
253669,14100002701
253671,14100002702
253670,14100002703
253672,14100002704
253673,14100002705
253674,14100002706
253675,14100002707
253676,14100002708
253677,14100002709
253678,14100002710
253679,14100002711
253680,14100002712
253682,14100002713
253681,14100002714
253683,14100002715
253684,14100002716
253685,14100002717
253686,14100002718
253687,14100002719
253688,14100002720
253689,14100002721
253690,14100002722
253692,14100002723
253691,14100002724
253693,14100002725
253694,14100002726
253695,14100002727
253696,14100002728
253697,14100002729
253698,14100002730
253699,14100002731
253700,14100002732
253703,14100002733
253702,14100002734
253701,14100002735
253704,14100002736
253705,14100002737
253706,14100002738
253707,14100002739
253708,14100002740
253709,14100002741
253710,14100002742
253712,14100002743
253711,14100002744
253713,14100002745
253714,14100002746
253715,14100002747
253717,14100002748
253718,14100002749
253719,14100002750
253720,14100002751
253721,14100002752
253722,14100002753
253723,14100002754
253724,14100002755
253725,14100002756
253726,14100002757
253727,14100002758
253728,14100002759
253730,14100002760
253729,14100002761
253731,14100002762
253732,14100002763
253733,14100002764
253734,14100002765
253735,14100002766
253736,14100002767
253737,14100002768
253738,14100002769
253739,14100002770
253740,14100002771
253741,14100002772
253742,14100002773
253743,14100002774
253744,14100002775
253745,14100002776
253746,14100002777
253747,14100002778
253748,14100002779
253749,14100002780
253750,14100002781
253751,14100002782
253752,14100002783
253753,14100002784
253754,14100002785
253755,14100002786
253756,14100002787
253757,14100002788
253758,14100002789
253759,14100002790
253760,14100002791
253761,14100002792
253762,14100002793
253763,14100002794
253764,14100002795
253765,14100002796
253766,14100002797
253767,14100002798
253768,14100002799
253769,14100002800
253770,14100002801
253771,14100002802
253772,14100002803
253773,14100002804
253774,14100002805
253775,14100002806
253776,14100002807
253777,14100002808
253778,14100002809
253779,14100002810
253780,14100002811
253781,14100002812
253782,14100002813
253783,14100002814
253784,14100002815
253785,14100002816
253786,14100002817
253787,14100002818
253788,14100002819
253790,14100002820
253789,14100002821
253791,14100002822
253792,14100002823
253793,14100002824
253794,14100002825
253795,14100002826
253796,14100002827
253797,14100002828
253798,14100002829
253800,14100002830
253799,14100002831
253801,14100002832
253802,14100002833
253803,14100002834
253804,14100002835
253806,14100002836
253805,14100002837
253807,14100002838
253808,14100002839
253809,14100002840
253810,14100002841
253811,14100002842
253812,14100002843
253813,14100002844
253814,14100002845
253815,14100002846
253816,14100002847
253817,14100002848
253818,14100002849
253819,14100002850
253820,14100002851
253821,14100002852
253822,14100002853
253823,14100002854
253824,14100002855
253825,14100002856
253826,14100002857
253827,14100002858
253828,14100002859
253829,14100002860
253830,14100002861
253831,14100002862
253832,14100002863
253833,14100002864
253834,14100002865
253835,14100002866
253836,14100002867
253837,14100002868
253838,14100002869
253839,14100002870
253840,14100002871
253841,14100002872
253842,14100002873
253843,14100002874
253844,14100002875
253845,14100002876
253846,14100002877
253847,14100002878
253848,14100002879
253849,14100002880
253850,14100002881
253851,14100002882
253852,14100002883
253853,14100002884
253854,14100002885
253855,14100002886
253856,14100002887
253857,14100002888
253858,14100002889
253859,14100002890
253860,14100002891
253861,14100002892
253862,14100002893
253863,14100002894
253864,14100002895
253865,14100002896
253866,14100002897
253867,14100002898
253868,14100002899
253869,14100002900
253870,14100002901
253871,14100002902
253872,14100002903
253873,14100002904
253874,14100002905
253875,14100002906
253876,14100002907
253877,14100002908
253878,14100002909
253879,14100002910
253880,14100002911
253881,14100002912
253882,14100002913
253883,14100002914
253884,14100002915
253886,14100002916
253888,14100002917
253885,14100002918
253887,14100002919
253889,14100002920
253890,14100002921
253891,14100002922
253892,14100002923
253893,14100002924
253894,14100002925
253896,14100002926
253895,14100002927
253897,14100002928
253898,14100002929
253900,14100002930
253899,14100002931
253901,14100002932
253902,14100002933
253903,14100002934
253904,14100002935
253905,14100002936
253906,14100002937
253907,14100002938
253908,14100002939
253909,14100002940
253910,14100002941
253911,14100002942
253912,14100002943
253913,14100002944
253914,14100002945
253915,14100002946
253916,14100002947
253917,14100002948
253918,14100002949
253919,14100002950
253920,14100002951
253922,14100002952
253921,14100002953
253923,14100002954
253924,14100002955
253925,14100002956
253926,14100002957
253927,14100002958
253928,14100002959
253929,14100002960
253930,14100002961
253931,14100002962
253932,14100002963
253933,14100002964
253934,14100002965
253935,14100002966
253936,14100002967
253937,14100002968
253938,14100002969
253939,14100002970
253940,14100002971
253941,14100002972
253942,14100002973
253943,14100002974
253944,14100002975
253945,14100002976
253946,14100002977
253947,14100002978
253948,14100002979
253949,14100002980
253950,14100002981
253951,14100002982
253952,14100002983
253953,14100002984
253954,14100002985
253955,14100002986
253956,14100002987
253957,14100002988
253958,14100002989
253959,14100002990
253960,14100002991
253961,14100002992
253962,14100002993
253963,14100002994
253964,14100002995
253965,14100002996
253966,14100002997
253967,14100002998
253968,14100002999
253970,14100003000
253969,14100003001
253971,14100003002
253972,14100003003
253974,14100003004
253973,14100003005
253975,14100003006
253976,14100003007
